# WaveFront *.obj file (generated by Autodesk ATF)

mtllib Edificio A - piso 2.mtl

g Cuerpo1

v 7.200000 6.200000 0.000000
v 7.200000 0.700000 0.000000
v 7.200000 0.700000 2.000000
v 7.200000 6.200000 2.000000
v 8.200000 6.200000 0.000000
v 8.200000 6.200000 2.000000
v 8.200000 6.300000 0.000000
v 8.200000 6.300000 2.000000
v 10.500000 6.300000 0.000000
v 10.500000 6.300000 2.000000
v 10.500000 0.700000 0.000000
v 10.500000 0.700000 2.000000
vt -0.000000 0.000000 0.000000
vt 5.500000 0.000000 0.000000
vt -0.000000 2.000000 0.000000
vt 5.500000 2.000000 0.000000
vt 0.000000 0.000000 0.000000
vt 1.000000 0.000000 0.000000
vt 0.000000 2.000000 0.000000
vt 1.000000 2.000000 0.000000
vt 0.000000 0.000000 0.000000
vt 0.100000 0.000000 0.000000
vt 0.000000 2.000000 0.000000
vt 0.100000 2.000000 0.000000
vt 0.000000 0.000000 0.000000
vt 2.300000 0.000000 0.000000
vt 0.000000 2.000000 0.000000
vt 2.300000 2.000000 0.000000
vt 0.000000 0.000000 0.000000
vt 5.600000 0.000000 0.000000
vt 0.000000 2.000000 0.000000
vt 5.600000 2.000000 0.000000
vt 0.000000 0.000000 0.000000
vt 3.300000 0.000000 0.000000
vt 0.000000 2.000000 0.000000
vt 3.300000 2.000000 0.000000
vt -1.650000 2.700000 0.000000
vt -1.650000 -2.800000 0.000000
vt -0.650000 2.700000 0.000000
vt 1.650000 -2.800000 0.000000
vt 1.650000 2.800000 0.000000
vt -0.650000 2.800000 0.000000
vt -1.650000 2.800000 0.000000
vt -1.650000 -2.800000 0.000000
vt 0.650000 2.700000 0.000000
vt 1.650000 -2.800000 0.000000
vt 1.650000 2.700000 0.000000
vt 0.650000 2.800000 0.000000
vn -1.000000 0.000000 0.000000
vn -1.000000 0.000000 0.000000
vn -1.000000 0.000000 0.000000
vn -1.000000 0.000000 0.000000
vn 0.000000 1.000000 -0.000000
vn 0.000000 1.000000 -0.000000
vn 0.000000 1.000000 -0.000000
vn 0.000000 1.000000 -0.000000
vn -1.000000 0.000000 0.000000
vn -1.000000 0.000000 0.000000
vn -1.000000 0.000000 0.000000
vn -1.000000 0.000000 0.000000
vn 0.000000 1.000000 -0.000000
vn 0.000000 1.000000 -0.000000
vn 0.000000 1.000000 -0.000000
vn 0.000000 1.000000 -0.000000
vn 1.000000 0.000000 -0.000000
vn 1.000000 0.000000 -0.000000
vn 1.000000 0.000000 -0.000000
vn 1.000000 0.000000 -0.000000
vn 0.000000 -1.000000 0.000000
vn 0.000000 -1.000000 0.000000
vn 0.000000 -1.000000 0.000000
vn 0.000000 -1.000000 0.000000
vn 0.000000 0.000000 1.000000
vn 0.000000 0.000000 1.000000
vn 0.000000 0.000000 1.000000
vn 0.000000 0.000000 1.000000
vn 0.000000 0.000000 1.000000
vn 0.000000 0.000000 1.000000
vn -0.000000 -0.000000 -1.000000
vn -0.000000 -0.000000 -1.000000
vn -0.000000 -0.000000 -1.000000
vn -0.000000 -0.000000 -1.000000
vn -0.000000 -0.000000 -1.000000
vn -0.000000 -0.000000 -1.000000
usemtl Acero_-_Satinado
f 1/1/1 2/2/2 4/3/3
f 4/3/3 2/2/2 3/4/4
f 5/5/5 1/6/6 6/7/7
f 6/7/7 1/6/6 4/8/8
f 7/9/9 5/10/10 8/11/11
f 8/11/11 5/10/10 6/12/12
f 9/13/13 7/14/14 10/15/15
f 10/15/15 7/14/14 8/16/16
f 11/17/17 9/18/18 12/19/19
f 12/19/19 9/18/18 10/20/20
f 2/21/21 11/22/22 3/23/23
f 3/23/23 11/22/22 12/24/24
f 4/25/25 3/26/26 6/27/27
f 6/27/27 3/26/26 12/28/28
f 6/27/27 12/28/28 10/29/29
f 10/29/29 8/30/30 6/27/27
f 9/31/31 11/32/32 5/33/33
f 5/33/33 11/32/32 2/34/34
f 5/33/33 2/34/34 1/35/35
f 5/33/33 7/36/36 9/31/31
g Cuerpo2

v 7.000000 0.700000 0.000000
v 7.000000 6.200000 0.000000
v 7.000000 6.200000 2.000000
v 7.000000 0.700000 2.000000
v 3.000000 0.700000 0.000000
v 3.000000 0.700000 2.000000
v 3.000000 6.300000 0.000000
v 3.000000 6.300000 2.000000
v 3.500000 6.300000 0.000000
v 3.500000 6.300000 2.000000
v 3.500000 6.200000 0.000000
v 3.500000 6.200000 2.000000
vt -0.000000 0.000000 0.000000
vt 5.500000 0.000000 0.000000
vt -0.000000 2.000000 0.000000
vt 5.500000 2.000000 0.000000
vt 0.000000 0.000000 0.000000
vt 4.000000 0.000000 0.000000
vt 0.000000 2.000000 0.000000
vt 4.000000 2.000000 0.000000
vt 0.000000 0.000000 0.000000
vt 5.600000 0.000000 0.000000
vt 0.000000 2.000000 0.000000
vt 5.600000 2.000000 0.000000
vt 0.000000 0.000000 0.000000
vt 0.500000 0.000000 0.000000
vt 0.000000 2.000000 0.000000
vt 0.500000 2.000000 0.000000
vt 0.000000 0.000000 0.000000
vt 0.100000 0.000000 0.000000
vt 0.000000 2.000000 0.000000
vt 0.100000 2.000000 0.000000
vt 0.000000 0.000000 0.000000
vt 3.500000 0.000000 0.000000
vt 0.000000 2.000000 0.000000
vt 3.500000 2.000000 0.000000
vt 2.000000 2.700000 0.000000
vt -1.500000 2.700000 0.000000
vt 2.000000 -2.800000 0.000000
vt -2.000000 -2.800000 0.000000
vt -2.000000 2.800000 0.000000
vt -1.500000 2.800000 0.000000
vt -2.000000 2.700000 0.000000
vt -2.000000 -2.800000 0.000000
vt 1.500000 2.700000 0.000000
vt 2.000000 -2.800000 0.000000
vt 2.000000 2.800000 0.000000
vt 1.500000 2.800000 0.000000
vn 1.000000 0.000000 -0.000000
vn 1.000000 0.000000 -0.000000
vn 1.000000 0.000000 -0.000000
vn 1.000000 0.000000 -0.000000
vn 0.000000 -1.000000 0.000000
vn 0.000000 -1.000000 0.000000
vn 0.000000 -1.000000 0.000000
vn 0.000000 -1.000000 0.000000
vn -1.000000 0.000000 0.000000
vn -1.000000 0.000000 0.000000
vn -1.000000 0.000000 0.000000
vn -1.000000 0.000000 0.000000
vn 0.000000 1.000000 -0.000000
vn 0.000000 1.000000 -0.000000
vn 0.000000 1.000000 -0.000000
vn 0.000000 1.000000 -0.000000
vn 1.000000 0.000000 0.000000
vn 1.000000 0.000000 0.000000
vn 1.000000 0.000000 0.000000
vn 1.000000 0.000000 0.000000
vn 0.000000 1.000000 -0.000000
vn 0.000000 1.000000 -0.000000
vn 0.000000 1.000000 -0.000000
vn 0.000000 1.000000 -0.000000
vn 0.000000 0.000000 1.000000
vn 0.000000 0.000000 1.000000
vn 0.000000 0.000000 1.000000
vn 0.000000 0.000000 1.000000
vn 0.000000 0.000000 1.000000
vn 0.000000 0.000000 1.000000
vn -0.000000 -0.000000 -1.000000
vn -0.000000 -0.000000 -1.000000
vn -0.000000 -0.000000 -1.000000
vn -0.000000 -0.000000 -1.000000
vn -0.000000 -0.000000 -1.000000
vn -0.000000 -0.000000 -1.000000
f 13/37/37 14/38/38 16/39/39
f 16/39/39 14/38/38 15/40/40
f 17/41/41 13/42/42 18/43/43
f 18/43/43 13/42/42 16/44/44
f 19/45/45 17/46/46 20/47/47
f 20/47/47 17/46/46 18/48/48
f 21/49/49 19/50/50 22/51/51
f 22/51/51 19/50/50 20/52/52
f 23/53/53 21/54/54 24/55/55
f 24/55/55 21/54/54 22/56/56
f 14/57/57 23/58/58 15/59/59
f 15/59/59 23/58/58 24/60/60
f 15/61/61 24/62/62 16/63/63
f 16/63/63 24/62/62 18/64/64
f 18/64/64 24/62/62 20/65/65
f 20/65/65 24/62/62 22/66/66
f 14/67/67 13/68/68 23/69/69
f 23/69/69 13/68/68 17/70/70
f 23/69/69 17/70/70 19/71/71
f 19/71/71 21/72/72 23/69/69
g Cuerpo3

v 13.000000 6.200000 0.000000
v 12.999977 6.300000 0.000000
v 12.999977 6.300000 2.000000
v 13.000000 6.200000 2.000000
v 14.000000 6.200000 0.000000
v 14.000000 6.200000 2.000000
v 14.000000 0.700000 0.000000
v 14.000000 0.700000 2.000000
v 10.700000 0.700000 0.000000
v 10.700000 0.700000 2.000000
v 10.700000 6.300000 0.000000
v 10.700000 6.300000 2.000000
vt 0.000000 0.000000 0.000000
vt 0.100000 0.000000 0.000000
vt 0.000000 2.000000 0.000000
vt 0.100000 2.000000 0.000000
vt 0.000000 0.000000 0.000000
vt 1.000000 0.000000 0.000000
vt 0.000000 2.000000 0.000000
vt 1.000000 2.000000 0.000000
vt 0.000000 0.000000 0.000000
vt 5.500000 0.000000 0.000000
vt 0.000000 2.000000 0.000000
vt 5.500000 2.000000 0.000000
vt 0.000000 0.000000 0.000000
vt 3.300000 0.000000 0.000000
vt 0.000000 2.000000 0.000000
vt 3.300000 2.000000 0.000000
vt 0.000000 0.000000 0.000000
vt 5.600000 0.000000 0.000000
vt 0.000000 2.000000 0.000000
vt 5.600000 2.000000 0.000000
vt 0.000000 0.000000 0.000000
vt 2.299977 0.000000 0.000000
vt 0.000000 2.000000 0.000000
vt 2.299977 2.000000 0.000000
vt 0.649977 2.800000 0.000000
vt -1.650000 2.800000 0.000000
vt 0.650000 2.700000 0.000000
vt -1.650000 -2.800000 0.000000
vt 1.650000 -2.800000 0.000000
vt 1.650000 2.700000 0.000000
vt -0.649977 2.800000 0.000000
vt -0.650000 2.700000 0.000000
vt 1.650000 2.800000 0.000000
vt 1.650000 -2.800000 0.000000
vt -1.650000 -2.800000 0.000000
vt -1.650000 2.700000 0.000000
vn 1.000000 0.000234 -0.000000
vn 1.000000 0.000234 -0.000000
vn 1.000000 0.000234 -0.000000
vn 1.000000 0.000234 -0.000000
vn 0.000000 1.000000 -0.000000
vn 0.000000 1.000000 -0.000000
vn 0.000000 1.000000 -0.000000
vn 0.000000 1.000000 -0.000000
vn 1.000000 -0.000000 0.000000
vn 1.000000 -0.000000 0.000000
vn 1.000000 -0.000000 0.000000
vn 1.000000 -0.000000 0.000000
vn 0.000000 -1.000000 0.000000
vn 0.000000 -1.000000 0.000000
vn 0.000000 -1.000000 0.000000
vn 0.000000 -1.000000 0.000000
vn -1.000000 0.000000 0.000000
vn -1.000000 0.000000 0.000000
vn -1.000000 0.000000 0.000000
vn -1.000000 0.000000 0.000000
vn 0.000000 1.000000 -0.000000
vn 0.000000 1.000000 -0.000000
vn 0.000000 1.000000 -0.000000
vn 0.000000 1.000000 -0.000000
vn 0.000000 0.000000 1.000000
vn 0.000000 0.000000 1.000000
vn 0.000000 0.000000 1.000000
vn 0.000000 0.000000 1.000000
vn 0.000000 0.000000 1.000000
vn 0.000000 0.000000 1.000000
vn -0.000000 0.000000 -1.000000
vn -0.000000 0.000000 -1.000000
vn -0.000000 0.000000 -1.000000
vn -0.000000 0.000000 -1.000000
vn -0.000000 0.000000 -1.000000
vn -0.000000 0.000000 -1.000000
f 25/73/73 26/74/74 28/75/75
f 28/75/75 26/74/74 27/76/76
f 29/77/77 25/78/78 30/79/79
f 30/79/79 25/78/78 28/80/80
f 31/81/81 29/82/82 32/83/83
f 32/83/83 29/82/82 30/84/84
f 33/85/85 31/86/86 34/87/87
f 34/87/87 31/86/86 32/88/88
f 35/89/89 33/90/90 36/91/91
f 36/91/91 33/90/90 34/92/92
f 26/93/93 35/94/94 27/95/95
f 27/95/95 35/94/94 36/96/96
f 27/97/97 36/98/98 28/99/99
f 28/99/99 36/98/98 34/100/100
f 28/99/99 34/100/100 32/101/101
f 32/101/101 30/102/102 28/99/99
f 26/103/103 25/104/104 35/105/105
f 35/105/105 25/104/104 33/106/106
f 33/106/106 25/104/104 31/107/107
f 31/107/107 25/104/104 29/108/108
g Cuerpo4

v 2.764357 6.500000 0.000000
v 1.500000 6.500000 0.000000
v 1.500000 6.500000 2.000000
v 2.764357 6.500000 2.000000
v 2.764357 0.700000 0.000000
v 2.764357 0.700000 2.000000
v 0.502012 0.700000 0.000000
v 0.502012 0.700000 2.000000
v 0.502012 4.300000 0.000000
v 0.502012 4.300000 2.000000
v 1.500000 4.300000 0.000000
v 1.500000 4.300000 2.000000
vt -0.000000 0.000000 0.000000
vt 1.264357 0.000000 0.000000
vt -0.000000 2.000000 0.000000
vt 1.264357 2.000000 0.000000
vt -0.000000 0.000000 0.000000
vt 5.800000 0.000000 0.000000
vt -0.000000 2.000000 0.000000
vt 5.800000 2.000000 0.000000
vt 0.000000 0.000000 0.000000
vt 2.262344 0.000000 0.000000
vt 0.000000 2.000000 0.000000
vt 2.262344 2.000000 0.000000
vt 0.000000 0.000000 0.000000
vt 3.600000 0.000000 0.000000
vt 0.000000 2.000000 0.000000
vt 3.600000 2.000000 0.000000
vt 0.000000 0.000000 0.000000
vt 0.997988 0.000000 0.000000
vt 0.000000 2.000000 0.000000
vt 0.997988 2.000000 0.000000
vt 0.000000 0.000000 0.000000
vt 2.200000 0.000000 0.000000
vt 0.000000 2.000000 0.000000
vt 2.200000 2.000000 0.000000
vt -0.133185 2.900000 0.000000
vt -0.133185 0.700000 0.000000
vt 1.131172 2.900000 0.000000
vt 1.131172 -2.900000 0.000000
vt -1.131172 -2.900000 0.000000
vt -1.131172 0.700000 0.000000
vt 0.133185 2.900000 0.000000
vt -1.131172 2.900000 0.000000
vt 0.133185 0.700000 0.000000
vt -1.131172 -2.900000 0.000000
vt 1.131172 -2.900000 0.000000
vt 1.131172 0.700000 0.000000
vn -0.000000 1.000000 0.000000
vn -0.000000 1.000000 0.000000
vn -0.000000 1.000000 0.000000
vn -0.000000 1.000000 0.000000
vn 1.000000 0.000000 -0.000000
vn 1.000000 0.000000 -0.000000
vn 1.000000 0.000000 -0.000000
vn 1.000000 0.000000 -0.000000
vn 0.000000 -1.000000 0.000000
vn 0.000000 -1.000000 0.000000
vn 0.000000 -1.000000 0.000000
vn 0.000000 -1.000000 0.000000
vn -1.000000 0.000000 0.000000
vn -1.000000 0.000000 0.000000
vn -1.000000 0.000000 0.000000
vn -1.000000 0.000000 0.000000
vn 0.000000 1.000000 -0.000000
vn 0.000000 1.000000 -0.000000
vn 0.000000 1.000000 -0.000000
vn 0.000000 1.000000 -0.000000
vn -1.000000 -0.000000 0.000000
vn -1.000000 -0.000000 0.000000
vn -1.000000 -0.000000 0.000000
vn -1.000000 -0.000000 0.000000
vn 0.000000 0.000000 1.000000
vn 0.000000 0.000000 1.000000
vn 0.000000 0.000000 1.000000
vn 0.000000 0.000000 1.000000
vn 0.000000 0.000000 1.000000
vn 0.000000 0.000000 1.000000
vn -0.000000 -0.000000 -1.000000
vn -0.000000 -0.000000 -1.000000
vn -0.000000 -0.000000 -1.000000
vn -0.000000 -0.000000 -1.000000
vn -0.000000 -0.000000 -1.000000
vn -0.000000 -0.000000 -1.000000
f 37/109/109 38/110/110 40/111/111
f 40/111/111 38/110/110 39/112/112
f 41/113/113 37/114/114 42/115/115
f 42/115/115 37/114/114 40/116/116
f 43/117/117 41/118/118 44/119/119
f 44/119/119 41/118/118 42/120/120
f 45/121/121 43/122/122 46/123/123
f 46/123/123 43/122/122 44/124/124
f 47/125/125 45/126/126 48/127/127
f 48/127/127 45/126/126 46/128/128
f 38/129/129 47/130/130 39/131/131
f 39/131/131 47/130/130 48/132/132
f 39/133/133 48/134/134 40/135/135
f 40/135/135 48/134/134 42/136/136
f 42/136/136 48/134/134 44/137/137
f 44/137/137 48/134/134 46/138/138
f 38/139/139 37/140/140 47/141/141
f 47/141/141 37/140/140 41/142/142
f 47/141/141 41/142/142 43/143/143
f 43/143/143 45/144/144 47/141/141
g Cuerpo5

v 14.200000 6.200000 0.000000
v 14.200000 0.700000 0.000000
v 14.200000 0.700000 2.000000
v 14.200000 6.200000 2.000000
v 15.200000 6.200000 0.000000
v 15.200000 6.200000 2.000000
v 15.200000 6.300000 0.000000
v 15.200000 6.300000 2.000000
v 17.500000 6.300000 0.000000
v 17.500000 6.300000 2.000000
v 17.500000 0.700000 0.000000
v 17.500000 0.700000 2.000000
vt 0.000000 0.000000 0.000000
vt 5.500000 0.000000 0.000000
vt 0.000000 2.000000 0.000000
vt 5.500000 2.000000 0.000000
vt 0.000000 0.000000 0.000000
vt 1.000000 0.000000 0.000000
vt 0.000000 2.000000 0.000000
vt 1.000000 2.000000 0.000000
vt 0.000000 0.000000 0.000000
vt 0.100000 0.000000 0.000000
vt 0.000000 2.000000 0.000000
vt 0.100000 2.000000 0.000000
vt 0.000000 0.000000 0.000000
vt 2.300000 0.000000 0.000000
vt 0.000000 2.000000 0.000000
vt 2.300000 2.000000 0.000000
vt 0.000000 0.000000 0.000000
vt 5.600000 0.000000 0.000000
vt 0.000000 2.000000 0.000000
vt 5.600000 2.000000 0.000000
vt 0.000000 0.000000 0.000000
vt 3.300000 0.000000 0.000000
vt 0.000000 2.000000 0.000000
vt 3.300000 2.000000 0.000000
vt -1.650000 2.700000 0.000000
vt -1.650000 -2.800000 0.000000
vt -0.650000 2.700000 0.000000
vt 1.650000 -2.800000 0.000000
vt 1.650000 2.800000 0.000000
vt -0.650000 2.800000 0.000000
vt -1.650000 2.800000 0.000000
vt -1.650000 -2.800000 0.000000
vt 0.650000 2.700000 0.000000
vt 1.650000 -2.800000 0.000000
vt 1.650000 2.700000 0.000000
vt 0.650000 2.800000 0.000000
vn -1.000000 0.000000 0.000000
vn -1.000000 0.000000 0.000000
vn -1.000000 0.000000 0.000000
vn -1.000000 0.000000 0.000000
vn 0.000000 1.000000 -0.000000
vn 0.000000 1.000000 -0.000000
vn 0.000000 1.000000 -0.000000
vn 0.000000 1.000000 -0.000000
vn -1.000000 0.000000 0.000000
vn -1.000000 0.000000 0.000000
vn -1.000000 0.000000 0.000000
vn -1.000000 0.000000 0.000000
vn 0.000000 1.000000 -0.000000
vn 0.000000 1.000000 -0.000000
vn 0.000000 1.000000 -0.000000
vn 0.000000 1.000000 -0.000000
vn 1.000000 0.000000 -0.000000
vn 1.000000 0.000000 -0.000000
vn 1.000000 0.000000 -0.000000
vn 1.000000 0.000000 -0.000000
vn 0.000000 -1.000000 0.000000
vn 0.000000 -1.000000 0.000000
vn 0.000000 -1.000000 0.000000
vn 0.000000 -1.000000 0.000000
vn 0.000000 0.000000 1.000000
vn 0.000000 0.000000 1.000000
vn 0.000000 0.000000 1.000000
vn 0.000000 0.000000 1.000000
vn 0.000000 0.000000 1.000000
vn 0.000000 0.000000 1.000000
vn 0.000000 -0.000000 -1.000000
vn 0.000000 -0.000000 -1.000000
vn 0.000000 -0.000000 -1.000000
vn 0.000000 -0.000000 -1.000000
vn 0.000000 -0.000000 -1.000000
vn 0.000000 -0.000000 -1.000000
f 49/145/145 50/146/146 52/147/147
f 52/147/147 50/146/146 51/148/148
f 53/149/149 49/150/150 54/151/151
f 54/151/151 49/150/150 52/152/152
f 55/153/153 53/154/154 56/155/155
f 56/155/155 53/154/154 54/156/156
f 57/157/157 55/158/158 58/159/159
f 58/159/159 55/158/158 56/160/160
f 59/161/161 57/162/162 60/163/163
f 60/163/163 57/162/162 58/164/164
f 50/165/165 59/166/166 51/167/167
f 51/167/167 59/166/166 60/168/168
f 52/169/169 51/170/170 54/171/171
f 54/171/171 51/170/170 60/172/172
f 54/171/171 60/172/172 58/173/173
f 58/173/173 56/174/174 54/171/171
f 57/175/175 59/176/176 53/177/177
f 53/177/177 59/176/176 50/178/178
f 53/177/177 50/178/178 49/179/179
f 53/177/177 55/180/180 57/175/175
g Cuerpo6

v 35.200000 14.400000 0.000000
v 35.200000 8.900000 0.000000
v 35.200000 8.900000 2.000000
v 35.200000 14.400000 2.000000
v 38.500000 14.400000 0.000000
v 38.500000 14.400000 2.000000
v 38.500000 8.800000 0.000000
v 38.500000 8.800000 2.000000
v 36.200000 8.800000 0.000000
v 36.200000 8.800000 2.000000
v 36.200000 8.900000 0.000000
v 36.200000 8.900000 2.000000
vt 0.000000 0.000000 0.000000
vt 5.500000 0.000000 0.000000
vt 0.000000 2.000000 0.000000
vt 5.500000 2.000000 0.000000
vt -0.000000 0.000000 0.000000
vt 3.300000 0.000000 0.000000
vt -0.000000 2.000000 0.000000
vt 3.300000 2.000000 0.000000
vt 0.000000 0.000000 0.000000
vt 5.600000 0.000000 0.000000
vt 0.000000 2.000000 0.000000
vt 5.600000 2.000000 0.000000
vt 0.000000 0.000000 0.000000
vt 2.300000 0.000000 0.000000
vt 0.000000 2.000000 0.000000
vt 2.300000 2.000000 0.000000
vt -0.000000 0.000000 0.000000
vt 0.100000 0.000000 0.000000
vt -0.000000 2.000000 0.000000
vt 0.100000 2.000000 0.000000
vt 0.000000 0.000000 0.000000
vt 1.000000 0.000000 0.000000
vt 0.000000 2.000000 0.000000
vt 1.000000 2.000000 0.000000
vt -1.650000 -2.700000 0.000000
vt -0.650000 -2.700000 0.000000
vt -1.650000 2.800000 0.000000
vt 1.650000 2.800000 0.000000
vt 1.650000 -2.800000 0.000000
vt -0.650000 -2.800000 0.000000
vt 1.650000 -2.700000 0.000000
vt 1.650000 2.800000 0.000000
vt 0.650000 -2.700000 0.000000
vt -1.650000 2.800000 0.000000
vt -1.650000 -2.800000 0.000000
vt 0.650000 -2.800000 0.000000
vn -1.000000 0.000000 0.000000
vn -1.000000 0.000000 0.000000
vn -1.000000 0.000000 0.000000
vn -1.000000 0.000000 0.000000
vn 0.000000 1.000000 0.000000
vn 0.000000 1.000000 0.000000
vn 0.000000 1.000000 0.000000
vn 0.000000 1.000000 0.000000
vn 1.000000 0.000000 -0.000000
vn 1.000000 0.000000 -0.000000
vn 1.000000 0.000000 -0.000000
vn 1.000000 0.000000 -0.000000
vn 0.000000 -1.000000 0.000000
vn 0.000000 -1.000000 0.000000
vn 0.000000 -1.000000 0.000000
vn 0.000000 -1.000000 0.000000
vn -1.000000 0.000000 0.000000
vn -1.000000 0.000000 0.000000
vn -1.000000 0.000000 0.000000
vn -1.000000 0.000000 0.000000
vn 0.000000 -1.000000 0.000000
vn 0.000000 -1.000000 0.000000
vn 0.000000 -1.000000 0.000000
vn 0.000000 -1.000000 0.000000
vn 0.000000 0.000000 1.000000
vn 0.000000 0.000000 1.000000
vn 0.000000 0.000000 1.000000
vn 0.000000 0.000000 1.000000
vn 0.000000 0.000000 1.000000
vn 0.000000 0.000000 1.000000
vn -0.000000 0.000000 -1.000000
vn -0.000000 0.000000 -1.000000
vn -0.000000 0.000000 -1.000000
vn -0.000000 0.000000 -1.000000
vn -0.000000 0.000000 -1.000000
vn -0.000000 0.000000 -1.000000
f 61/181/181 62/182/182 64/183/183
f 64/183/183 62/182/182 63/184/184
f 65/185/185 61/186/186 66/187/187
f 66/187/187 61/186/186 64/188/188
f 67/189/189 65/190/190 68/191/191
f 68/191/191 65/190/190 66/192/192
f 69/193/193 67/194/194 70/195/195
f 70/195/195 67/194/194 68/196/196
f 71/197/197 69/198/198 72/199/199
f 72/199/199 69/198/198 70/200/200
f 62/201/201 71/202/202 63/203/203
f 63/203/203 71/202/202 72/204/204
f 63/205/205 72/206/206 64/207/207
f 64/207/207 72/206/206 66/208/208
f 66/208/208 72/206/206 68/209/209
f 68/209/209 72/206/206 70/210/210
f 62/211/211 61/212/212 71/213/213
f 71/213/213 61/212/212 65/214/214
f 71/213/213 65/214/214 67/215/215
f 67/215/215 69/216/216 71/213/213
g Cuerpo7

v 24.500000 8.800000 0.000000
v 24.500000 14.400000 0.000000
v 24.500000 14.400000 2.000000
v 24.500000 8.800000 2.000000
v 22.200000 8.800000 0.000000
v 22.200000 8.800000 2.000000
v 22.200000 8.900000 0.000000
v 22.200000 8.900000 2.000000
v 21.200000 8.900000 0.000000
v 21.200000 8.900000 2.000000
v 21.200000 14.400000 0.000000
v 21.200000 14.400000 2.000000
vt 0.000000 0.000000 0.000000
vt 5.600000 0.000000 0.000000
vt 0.000000 2.000000 0.000000
vt 5.600000 2.000000 0.000000
vt 0.000000 0.000000 0.000000
vt 2.300000 0.000000 0.000000
vt 0.000000 2.000000 0.000000
vt 2.300000 2.000000 0.000000
vt -0.000000 0.000000 0.000000
vt 0.100000 0.000000 0.000000
vt -0.000000 2.000000 0.000000
vt 0.100000 2.000000 0.000000
vt 0.000000 0.000000 0.000000
vt 1.000000 0.000000 0.000000
vt 0.000000 2.000000 0.000000
vt 1.000000 2.000000 0.000000
vt -0.000000 0.000000 0.000000
vt 5.500000 0.000000 0.000000
vt -0.000000 2.000000 0.000000
vt 5.500000 2.000000 0.000000
vt -0.000000 0.000000 0.000000
vt 3.300000 0.000000 0.000000
vt -0.000000 2.000000 0.000000
vt 3.300000 2.000000 0.000000
vt 1.650000 -2.800000 0.000000
vt 1.650000 2.800000 0.000000
vt -0.650000 -2.700000 0.000000
vt -1.650000 2.800000 0.000000
vt -1.650000 -2.700000 0.000000
vt -0.650000 -2.800000 0.000000
vt 1.650000 -2.700000 0.000000
vt 1.650000 2.800000 0.000000
vt 0.650000 -2.700000 0.000000
vt -1.650000 2.800000 0.000000
vt -1.650000 -2.800000 0.000000
vt 0.650000 -2.800000 0.000000
vn 1.000000 0.000000 -0.000000
vn 1.000000 0.000000 -0.000000
vn 1.000000 0.000000 -0.000000
vn 1.000000 0.000000 -0.000000
vn 0.000000 -1.000000 0.000000
vn 0.000000 -1.000000 0.000000
vn 0.000000 -1.000000 0.000000
vn 0.000000 -1.000000 0.000000
vn -1.000000 0.000000 0.000000
vn -1.000000 0.000000 0.000000
vn -1.000000 0.000000 0.000000
vn -1.000000 0.000000 0.000000
vn 0.000000 -1.000000 0.000000
vn 0.000000 -1.000000 0.000000
vn 0.000000 -1.000000 0.000000
vn 0.000000 -1.000000 0.000000
vn -1.000000 0.000000 0.000000
vn -1.000000 0.000000 0.000000
vn -1.000000 0.000000 0.000000
vn -1.000000 0.000000 0.000000
vn 0.000000 1.000000 0.000000
vn 0.000000 1.000000 0.000000
vn 0.000000 1.000000 0.000000
vn 0.000000 1.000000 0.000000
vn 0.000000 0.000000 1.000000
vn 0.000000 0.000000 1.000000
vn 0.000000 0.000000 1.000000
vn 0.000000 0.000000 1.000000
vn 0.000000 0.000000 1.000000
vn 0.000000 0.000000 1.000000
vn -0.000000 0.000000 -1.000000
vn -0.000000 0.000000 -1.000000
vn -0.000000 0.000000 -1.000000
vn -0.000000 0.000000 -1.000000
vn -0.000000 0.000000 -1.000000
vn -0.000000 0.000000 -1.000000
f 73/217/217 74/218/218 76/219/219
f 76/219/219 74/218/218 75/220/220
f 77/221/221 73/222/222 78/223/223
f 78/223/223 73/222/222 76/224/224
f 79/225/225 77/226/226 80/227/227
f 80/227/227 77/226/226 78/228/228
f 81/229/229 79/230/230 82/231/231
f 82/231/231 79/230/230 80/232/232
f 83/233/233 81/234/234 84/235/235
f 84/235/235 81/234/234 82/236/236
f 74/237/237 83/238/238 75/239/239
f 75/239/239 83/238/238 84/240/240
f 76/241/241 75/242/242 80/243/243
f 80/243/243 75/242/242 84/244/244
f 80/243/243 84/244/244 82/245/245
f 80/243/243 78/246/246 76/241/241
f 81/247/247 83/248/248 79/249/249
f 79/249/249 83/248/248 74/250/250
f 79/249/249 74/250/250 73/251/251
f 73/251/251 77/252/252 79/249/249
g Cuerpo8

v 4.750000 12.000000 2.000000
v 4.750000 13.000000 1.000000
v 4.500000 13.000000 1.000000
v 4.500000 12.000000 2.000000
v 4.750000 13.000000 0.900000
v 2.500000 13.000000 0.900000
v 2.500000 13.000000 1.000000
v 4.750000 9.000000 2.000000
v 4.750000 9.000000 0.100000
v 4.750000 9.491170 0.100000
v 4.750000 9.491170 0.200000
v 4.750000 10.014972 0.200000
v 4.750000 10.014972 0.300000
v 4.750000 10.527386 0.300000
v 4.750000 10.527386 0.400000
v 4.750000 11.000000 0.400000
v 4.750000 11.000000 0.500000
v 4.750000 11.495280 0.500000
v 4.750000 11.495280 0.600000
v 4.750000 11.996307 0.600000
v 4.750000 11.996307 0.700000
v 4.750000 12.497335 0.700000
v 4.750000 12.497335 0.800000
v 4.750000 13.000000 0.800000
v 2.300000 14.200000 2.000000
v 2.300000 8.900000 2.000000
v 2.500000 8.900000 2.000000
v 2.500000 14.000000 2.000000
v 7.000000 14.000000 2.000000
v 7.000000 9.000000 2.000000
v 7.000000 8.900000 2.000000
v 8.200000 8.900000 2.000000
v 8.200000 8.800000 2.000000
v 10.500000 8.800000 2.000000
v 10.500000 14.400000 2.000000
v 7.000000 14.400000 2.000000
v 7.000000 14.200000 2.000000
v 2.300000 8.900000 0.000000
v 2.500000 8.900000 0.000000
v 2.500000 9.000000 0.000000
v 2.500000 9.000000 1.700000
v 2.500000 9.500000 1.700000
v 2.500000 9.500000 1.600000
v 2.500000 10.000000 1.600000
v 2.500000 10.000000 1.500000
v 2.500000 10.500000 1.500000
v 2.500000 10.500000 1.400000
v 2.500000 11.000000 1.400000
v 2.500000 11.000000 1.300000
v 2.500000 11.500000 1.300000
v 2.500000 11.500000 1.200000
v 2.500000 12.000000 1.200000
v 2.500000 12.000000 1.100000
v 2.500000 12.500000 1.100000
v 2.500000 12.500000 1.000000
v 2.500000 14.000000 0.900000
v 7.000000 14.000000 0.900000
v 7.000000 13.000000 0.900000
v 7.000000 13.000000 0.800000
v 7.000000 12.497335 0.800000
v 7.000000 12.497335 0.700000
v 7.000000 11.996307 0.700000
v 7.000000 11.996307 0.600000
v 7.000000 11.500000 0.600000
v 7.000000 11.500000 0.500000
v 7.000000 11.000000 0.500000
v 7.000000 11.000000 0.400000
v 7.000000 10.527386 0.400000
v 7.000000 10.527386 0.300000
v 7.000000 10.000000 0.300000
v 7.000000 10.000000 0.200000
v 7.000000 9.491170 0.200000
v 7.000000 9.491170 0.100000
v 7.000000 9.000000 0.100000
v 2.300000 14.200000 0.000000
v 7.000000 14.200000 0.000000
v 7.000000 14.400000 0.000000
v 7.000000 9.000000 0.000000
v 7.000000 8.900000 0.000000
v 10.500000 14.400000 0.000000
v 10.500000 8.800000 0.000000
v 8.200000 8.800000 0.000000
v 8.200000 8.900000 0.000000
v 4.500000 12.500000 1.000000
v 4.500000 12.500000 1.100000
v 4.500000 12.000000 1.100000
v 4.500000 12.000000 1.200000
v 4.500000 11.494756 1.200000
v 4.500000 11.494756 1.300000
v 4.500000 11.000000 1.300000
v 4.500000 11.000000 1.400000
v 4.500000 10.500000 1.400000
v 4.500000 10.500000 1.500000
v 4.500000 10.000000 1.500000
v 4.500000 10.000000 1.600000
v 4.500000 9.500000 1.600000
v 4.500000 9.500000 1.700000
v 4.500000 9.000000 1.700000
v 4.500000 9.000000 2.000000
vt 0.187500 0.707107 0.000000
vt -0.062500 0.707107 0.000000
vt 0.187500 -0.707107 0.000000
vt -0.062500 -0.707107 0.000000
vt -0.250000 1.000000 0.000000
vt -0.250000 0.900000 0.000000
vt 0.000000 1.000000 0.000000
vt 2.000000 0.900000 0.000000
vt 2.000000 1.000000 0.000000
vt 4.000000 0.900000 0.000000
vt 4.000000 1.000000 0.000000
vt 3.497335 0.800000 0.000000
vt 3.000000 2.000000 0.000000
vt 2.996307 0.700000 0.000000
vt 2.495280 0.600000 0.000000
vt 2.996307 0.600000 0.000000
vt 0.000000 2.000000 0.000000
vt 2.000000 0.500000 0.000000
vt 2.495280 0.500000 0.000000
vt 0.000000 0.100000 0.000000
vt 0.491170 0.200000 0.000000
vt 1.014972 0.300000 0.000000
vt 1.527386 0.400000 0.000000
vt 1.527386 0.300000 0.000000
vt 0.491170 0.100000 0.000000
vt 1.014972 0.200000 0.000000
vt 2.000000 0.400000 0.000000
vt 3.497335 0.700000 0.000000
vt 4.000000 0.800000 0.000000
vt -1.850000 2.600000 0.000000
vt -6.550000 2.600000 0.000000
vt -6.350000 2.400000 0.000000
vt -6.550000 -2.700000 0.000000
vt -6.350000 -2.700000 0.000000
vt -1.850000 2.400000 0.000000
vt 1.650000 2.800000 0.000000
vt -1.850000 2.800000 0.000000
vt -0.650000 -2.700000 0.000000
vt -1.850000 -2.600000 0.000000
vt -1.850000 -2.700000 0.000000
vt -0.650000 -2.800000 0.000000
vt 1.650000 -2.800000 0.000000
vt 0.800000 0.000000 0.000000
vt 1.000000 0.000000 0.000000
vt 0.800000 2.000000 0.000000
vt 1.000000 2.000000 0.000000
vt 0.100000 0.000000 0.000000
vt 0.100000 1.700000 0.000000
vt 0.000000 0.000000 0.000000
vt 0.000000 2.000000 0.000000
vt 0.600000 1.700000 0.000000
vt 1.100000 1.600000 0.000000
vt 0.600000 1.600000 0.000000
vt 1.100000 1.500000 0.000000
vt 1.600000 1.500000 0.000000
vt 5.100000 2.000000 0.000000
vt 1.600000 1.400000 0.000000
vt 2.100000 1.400000 0.000000
vt 2.100000 1.300000 0.000000
vt 2.600000 1.300000 0.000000
vt 2.600000 1.200000 0.000000
vt 3.100000 1.200000 0.000000
vt 3.100000 1.100000 0.000000
vt 3.600000 1.100000 0.000000
vt 3.600000 1.000000 0.000000
vt 4.100000 1.000000 0.000000
vt 4.100000 0.900000 0.000000
vt 5.100000 0.900000 0.000000
vt 0.000000 0.900000 0.000000
vt 4.500000 0.900000 0.000000
vt 0.000000 2.000000 0.000000
vt 4.500000 2.000000 0.000000
vt 0.000000 0.900000 0.000000
vt 1.000000 0.900000 0.000000
vt 0.000000 2.000000 0.000000
vt 1.502665 0.800000 0.000000
vt 5.000000 2.000000 0.000000
vt 2.003693 0.700000 0.000000
vt 2.500000 0.600000 0.000000
vt 2.003693 0.600000 0.000000
vt 1.000000 0.800000 0.000000
vt 1.502665 0.700000 0.000000
vt 2.500000 0.500000 0.000000
vt 3.000000 0.500000 0.000000
vt 3.000000 0.400000 0.000000
vt 3.472614 0.400000 0.000000
vt 3.472614 0.300000 0.000000
vt 4.000000 0.300000 0.000000
vt 4.000000 0.200000 0.000000
vt 4.508830 0.200000 0.000000
vt 4.508830 0.100000 0.000000
vt 5.000000 0.100000 0.000000
vt 5.300000 2.000000 0.000000
vt 0.000000 2.000000 0.000000
vt 5.300000 0.000000 0.000000
vt 0.000000 0.000000 0.000000
vt -0.000000 0.000000 0.000000
vt 4.700000 0.000000 0.000000
vt -0.000000 2.000000 0.000000
vt 4.700000 2.000000 0.000000
vt -0.000000 0.000000 0.000000
vt 0.200000 0.000000 0.000000
vt -0.000000 2.000000 0.000000
vt 0.200000 2.000000 0.000000
vt 0.000000 0.000000 0.000000
vt 0.100000 0.000000 0.000000
vt 0.000000 0.100000 0.000000
vt 0.100000 2.000000 0.000000
vt 0.000000 2.000000 0.000000
vt -0.000000 0.000000 0.000000
vt 3.500000 0.000000 0.000000
vt -0.000000 2.000000 0.000000
vt 3.500000 2.000000 0.000000
vt 0.000000 0.000000 0.000000
vt 5.600000 0.000000 0.000000
vt 0.000000 2.000000 0.000000
vt 5.600000 2.000000 0.000000
vt 0.000000 0.000000 0.000000
vt 2.300000 0.000000 0.000000
vt 0.000000 2.000000 0.000000
vt 2.300000 2.000000 0.000000
vt -0.000000 0.000000 0.000000
vt 0.100000 0.000000 0.000000
vt -0.000000 2.000000 0.000000
vt 0.100000 2.000000 0.000000
vt -0.200000 0.000000 0.000000
vt 1.000000 0.000000 0.000000
vt -0.200000 2.000000 0.000000
vt 1.000000 2.000000 0.000000
vt -0.000000 1.000000 0.000000
vt 0.500000 1.100000 0.000000
vt 1.000000 2.000000 0.000000
vt 1.000000 1.200000 0.000000
vt 1.505244 1.300000 0.000000
vt 1.505244 1.200000 0.000000
vt 0.500000 1.000000 0.000000
vt 1.000000 1.100000 0.000000
vt 2.000000 1.300000 0.000000
vt 2.000000 1.400000 0.000000
vt 2.500000 1.400000 0.000000
vt 2.500000 1.500000 0.000000
vt 3.000000 1.500000 0.000000
vt 3.000000 1.600000 0.000000
vt 3.500000 1.600000 0.000000
vt 3.500000 1.700000 0.000000
vt 4.000000 1.700000 0.000000
vt 4.000000 2.000000 0.000000
vt 0.125000 1.000000 0.000000
vt -0.125000 1.000000 0.000000
vt 0.125000 -2.000000 0.000000
vt -0.125000 -2.000000 0.000000
vt 2.250000 0.800000 0.000000
vt 4.500000 0.800000 0.000000
vt 2.250000 0.900000 0.000000
vt 4.500000 0.900000 0.000000
vt 1.000000 0.250000 0.000000
vt -1.000000 0.250000 0.000000
vt 1.000000 -0.250000 0.000000
vt -1.000000 -0.250000 0.000000
vt 2.000000 1.700000 0.000000
vt 0.000000 1.700000 0.000000
vt 2.000000 1.600000 0.000000
vt 0.000000 1.600000 0.000000
vt 0.000000 1.500000 0.000000
vt 2.000000 1.500000 0.000000
vt 0.000000 1.600000 0.000000
vt 2.000000 1.600000 0.000000
vt 1.000000 0.250000 0.000000
vt -1.000000 0.250000 0.000000
vt 1.000000 -0.250000 0.000000
vt -1.000000 -0.250000 0.000000
vt 0.000000 1.700000 0.000000
vt 2.250000 0.100000 0.000000
vt 2.000000 1.700000 0.000000
vt 2.250000 2.000000 0.000000
vt 2.000000 2.000000 0.000000
vt 0.000000 0.000000 0.000000
vt 4.500000 0.000000 0.000000
vt 4.500000 0.100000 0.000000
vt 1.000000 -0.350000 0.000000
vt 1.200000 -0.350000 0.000000
vt 1.000000 -0.250000 0.000000
vt 1.200000 4.950000 0.000000
vt -3.500000 4.950000 0.000000
vt -3.500000 5.150000 0.000000
vt -7.000000 5.150000 0.000000
vt -4.700000 -0.350000 0.000000
vt -3.500000 -0.250000 0.000000
vt -3.500000 -0.350000 0.000000
vt -7.000000 -0.450000 0.000000
vt -4.700000 -0.450000 0.000000
vt 0.000000 1.400000 0.000000
vt 2.000000 1.400000 0.000000
vt 0.000000 1.500000 0.000000
vt 2.000000 1.500000 0.000000
vt 1.000000 0.250000 0.000000
vt -1.000000 0.250000 0.000000
vt 1.000000 -0.250000 0.000000
vt -1.000000 -0.250000 0.000000
vt 0.000000 1.300000 0.000000
vt 2.000000 1.300000 0.000000
vt 0.000000 1.400000 0.000000
vt 2.000000 1.400000 0.000000
vt 1.000000 0.250000 0.000000
vt -1.000000 0.250000 0.000000
vt 1.000000 -0.250000 0.000000
vt -1.000000 -0.250000 0.000000
vt 0.000000 1.200000 0.000000
vt 2.000007 1.200000 0.000000
vt 0.000000 1.300000 0.000000
vt 2.000007 1.300000 0.000000
vt 1.000000 -0.250000 0.000000
vt 1.000000 0.244756 0.000000
vt -1.000000 -0.250000 0.000000
vt -1.000000 0.250000 0.000000
vt 0.000000 1.100000 0.000000
vt 2.000000 1.100000 0.000000
vt 0.000000 1.200000 0.000000
vt 2.000000 1.200000 0.000000
vt 1.000000 -0.252622 0.000000
vt 1.000000 0.252622 0.000000
vt -1.000000 -0.247378 0.000000
vt -1.000000 0.252622 0.000000
vt 0.000000 1.000000 0.000000
vt 2.000000 1.000000 0.000000
vt 0.000000 1.100000 0.000000
vt 2.000000 1.100000 0.000000
vt 1.000000 0.250000 0.000000
vt -1.000000 0.250000 0.000000
vt 1.000000 -0.250000 0.000000
vt -1.000000 -0.250000 0.000000
vt 1.000000 0.250000 0.000000
vt -1.000000 0.250000 0.000000
vt 1.000000 -0.250000 0.000000
vt -1.000000 -0.250000 0.000000
vt -2.250000 -0.500000 0.000000
vt 0.000000 -0.500000 0.000000
vt -2.250000 0.500000 0.000000
vt 2.250000 0.500000 0.000000
vt 2.250000 -0.500000 0.000000
vt 0.000000 0.700000 0.000000
vt 2.250000 0.700000 0.000000
vt 0.000000 0.800000 0.000000
vt 2.250000 0.800000 0.000000
vt -1.125000 -0.251333 0.000000
vt 1.125000 -0.251333 0.000000
vt -1.125000 0.251333 0.000000
vt 1.125000 0.251333 0.000000
vt 0.000000 0.600000 0.000000
vt 2.250000 0.600000 0.000000
vt 0.000000 0.700000 0.000000
vt 2.250000 0.700000 0.000000
vt -1.125000 -0.250514 0.000000
vt 1.125000 -0.250514 0.000000
vt -1.125000 0.250514 0.000000
vt 1.125000 0.250514 0.000000
vt 0.000000 0.500000 0.000000
vt 2.250005 0.500000 0.000000
vt 0.000000 0.600000 0.000000
vt 2.250005 0.600000 0.000000
vt -1.125000 -0.250514 0.000000
vt 1.125000 -0.245794 0.000000
vt -1.125000 0.250514 0.000000
vt 1.125000 0.250514 0.000000
vt 0.000000 0.400000 0.000000
vt 2.250000 0.400000 0.000000
vt 0.000000 0.500000 0.000000
vt 2.250000 0.500000 0.000000
vt -1.125000 -0.250000 0.000000
vt 1.125000 -0.250000 0.000000
vt -1.125000 0.245280 0.000000
vt 1.125000 0.250000 0.000000
vt 0.000000 0.300000 0.000000
vt 2.250000 0.300000 0.000000
vt 0.000000 0.400000 0.000000
vt 2.250000 0.400000 0.000000
vt -1.125000 -0.236307 0.000000
vt 1.125000 -0.236307 0.000000
vt -1.125000 0.236307 0.000000
vt 1.125000 0.236307 0.000000
vt 0.000000 0.200000 0.000000
vt 2.250050 0.200000 0.000000
vt 0.000000 0.300000 0.000000
vt 2.250050 0.300000 0.000000
vt 1.125000 -0.263693 0.000000
vt 1.125000 0.263693 0.000000
vt -1.125000 -0.248721 0.000000
vt -1.125000 0.263693 0.000000
vt 0.000000 0.100000 0.000000
vt 2.250000 0.100000 0.000000
vt 0.000000 0.200000 0.000000
vt 2.250000 0.200000 0.000000
vt -1.125000 0.261901 0.000000
vt -1.125000 -0.261901 0.000000
vt 1.125000 0.246929 0.000000
vt 1.125000 -0.261901 0.000000
vt -1.125000 -0.245585 0.000000
vt 1.125000 -0.245585 0.000000
vt -1.125000 0.245585 0.000000
vt 1.125000 0.245585 0.000000
vn 0.000000 0.707107 0.707107
vn 0.000000 0.707107 0.707107
vn 0.000000 0.707107 0.707107
vn 0.000000 0.707107 0.707107
vn 0.000000 1.000000 -0.000000
vn 0.000000 1.000000 -0.000000
vn 0.000000 1.000000 -0.000000
vn 0.000000 1.000000 -0.000000
vn 0.000000 1.000000 -0.000000
vn 1.000000 0.000000 -0.000000
vn 1.000000 0.000000 -0.000000
vn 1.000000 0.000000 -0.000000
vn 1.000000 0.000000 -0.000000
vn 1.000000 0.000000 -0.000000
vn 1.000000 0.000000 -0.000000
vn 1.000000 0.000000 -0.000000
vn 1.000000 0.000000 -0.000000
vn 1.000000 0.000000 -0.000000
vn 1.000000 0.000000 -0.000000
vn 1.000000 0.000000 -0.000000
vn 1.000000 0.000000 -0.000000
vn 1.000000 0.000000 -0.000000
vn 1.000000 0.000000 -0.000000
vn 1.000000 0.000000 -0.000000
vn 1.000000 0.000000 -0.000000
vn 1.000000 0.000000 -0.000000
vn 1.000000 0.000000 -0.000000
vn 1.000000 0.000000 -0.000000
vn 1.000000 0.000000 -0.000000
vn 0.000000 0.000000 1.000000
vn 0.000000 0.000000 1.000000
vn 0.000000 0.000000 1.000000
vn 0.000000 0.000000 1.000000
vn 0.000000 0.000000 1.000000
vn 0.000000 0.000000 1.000000
vn 0.000000 0.000000 1.000000
vn 0.000000 0.000000 1.000000
vn 0.000000 0.000000 1.000000
vn 0.000000 0.000000 1.000000
vn 0.000000 0.000000 1.000000
vn 0.000000 0.000000 1.000000
vn 0.000000 0.000000 1.000000
vn 0.000000 -1.000000 0.000000
vn 0.000000 -1.000000 0.000000
vn 0.000000 -1.000000 0.000000
vn 0.000000 -1.000000 0.000000
vn 1.000000 0.000000 0.000000
vn 1.000000 0.000000 0.000000
vn 1.000000 0.000000 0.000000
vn 1.000000 0.000000 0.000000
vn 1.000000 0.000000 0.000000
vn 1.000000 0.000000 0.000000
vn 1.000000 0.000000 0.000000
vn 1.000000 0.000000 0.000000
vn 1.000000 0.000000 0.000000
vn 1.000000 0.000000 0.000000
vn 1.000000 0.000000 0.000000
vn 1.000000 0.000000 0.000000
vn 1.000000 0.000000 0.000000
vn 1.000000 0.000000 0.000000
vn 1.000000 0.000000 0.000000
vn 1.000000 0.000000 0.000000
vn 1.000000 0.000000 0.000000
vn 1.000000 0.000000 0.000000
vn 1.000000 0.000000 0.000000
vn 1.000000 0.000000 0.000000
vn 1.000000 0.000000 0.000000
vn 1.000000 0.000000 0.000000
vn 0.000000 -1.000000 0.000000
vn 0.000000 -1.000000 0.000000
vn 0.000000 -1.000000 0.000000
vn 0.000000 -1.000000 0.000000
vn -1.000000 0.000000 0.000000
vn -1.000000 0.000000 0.000000
vn -1.000000 0.000000 0.000000
vn -1.000000 0.000000 0.000000
vn -1.000000 0.000000 0.000000
vn -1.000000 0.000000 0.000000
vn -1.000000 0.000000 0.000000
vn -1.000000 0.000000 0.000000
vn -1.000000 0.000000 0.000000
vn -1.000000 0.000000 0.000000
vn -1.000000 0.000000 0.000000
vn -1.000000 0.000000 0.000000
vn -1.000000 0.000000 0.000000
vn -1.000000 0.000000 0.000000
vn -1.000000 0.000000 0.000000
vn -1.000000 0.000000 0.000000
vn -1.000000 0.000000 0.000000
vn -1.000000 0.000000 0.000000
vn -1.000000 0.000000 0.000000
vn -1.000000 0.000000 0.000000
vn -1.000000 0.000000 0.000000
vn -1.000000 0.000000 0.000000
vn -1.000000 0.000000 0.000000
vn -1.000000 0.000000 0.000000
vn 0.000000 1.000000 0.000000
vn 0.000000 1.000000 0.000000
vn 0.000000 1.000000 0.000000
vn 0.000000 1.000000 0.000000
vn -1.000000 0.000000 0.000000
vn -1.000000 0.000000 0.000000
vn -1.000000 0.000000 0.000000
vn -1.000000 0.000000 0.000000
vn -1.000000 -0.000001 0.000000
vn -1.000000 -0.000001 0.000000
vn -1.000000 -0.000001 0.000000
vn -1.000000 -0.000001 0.000000
vn -1.000000 -0.000001 0.000000
vn 0.000000 1.000000 0.000000
vn 0.000000 1.000000 0.000000
vn 0.000000 1.000000 0.000000
vn 0.000000 1.000000 0.000000
vn 1.000000 0.000000 -0.000000
vn 1.000000 0.000000 -0.000000
vn 1.000000 0.000000 -0.000000
vn 1.000000 0.000000 -0.000000
vn 0.000000 -1.000000 0.000000
vn 0.000000 -1.000000 0.000000
vn 0.000000 -1.000000 0.000000
vn 0.000000 -1.000000 0.000000
vn -1.000000 0.000000 0.000000
vn -1.000000 0.000000 0.000000
vn -1.000000 0.000000 0.000000
vn -1.000000 0.000000 0.000000
vn 0.000000 -1.000000 0.000000
vn 0.000000 -1.000000 0.000000
vn 0.000000 -1.000000 0.000000
vn 0.000000 -1.000000 0.000000
vn -1.000000 0.000000 0.000000
vn -1.000000 0.000000 0.000000
vn -1.000000 0.000000 0.000000
vn -1.000000 0.000000 0.000000
vn -1.000000 0.000000 0.000000
vn -1.000000 0.000000 0.000000
vn -1.000000 0.000000 0.000000
vn -1.000000 0.000000 0.000000
vn -1.000000 0.000000 0.000000
vn -1.000000 0.000000 0.000000
vn -1.000000 0.000000 0.000000
vn -1.000000 0.000000 0.000000
vn -1.000000 0.000000 0.000000
vn -1.000000 0.000000 0.000000
vn -1.000000 0.000000 0.000000
vn -1.000000 0.000000 0.000000
vn -1.000000 0.000000 0.000000
vn -1.000000 0.000000 0.000000
vn 0.000000 0.000000 1.000000
vn 0.000000 0.000000 1.000000
vn 0.000000 0.000000 1.000000
vn 0.000000 0.000000 1.000000
vn 0.000000 -1.000000 0.000000
vn 0.000000 -1.000000 0.000000
vn 0.000000 -1.000000 0.000000
vn 0.000000 -1.000000 0.000000
vn -0.000000 -0.000000 1.000000
vn -0.000000 -0.000000 1.000000
vn -0.000000 -0.000000 1.000000
vn -0.000000 -0.000000 1.000000
vn 0.000000 1.000000 -0.000000
vn 0.000000 1.000000 -0.000000
vn 0.000000 1.000000 -0.000000
vn 0.000000 1.000000 -0.000000
vn 0.000000 1.000000 -0.000000
vn 0.000000 1.000000 -0.000000
vn 0.000000 1.000000 -0.000000
vn 0.000000 1.000000 -0.000000
vn 0.000000 0.000000 1.000000
vn 0.000000 0.000000 1.000000
vn 0.000000 0.000000 1.000000
vn 0.000000 0.000000 1.000000
vn 0.000000 -1.000000 0.000000
vn 0.000000 -1.000000 0.000000
vn 0.000000 -1.000000 0.000000
vn 0.000000 -1.000000 0.000000
vn 0.000000 -1.000000 0.000000
vn 0.000000 -1.000000 0.000000
vn 0.000000 -1.000000 0.000000
vn 0.000000 -1.000000 0.000000
vn -0.000000 0.000000 -1.000000
vn -0.000000 0.000000 -1.000000
vn -0.000000 0.000000 -1.000000
vn -0.000000 0.000000 -1.000000
vn -0.000000 0.000000 -1.000000
vn -0.000000 0.000000 -1.000000
vn -0.000000 0.000000 -1.000000
vn -0.000000 0.000000 -1.000000
vn -0.000000 0.000000 -1.000000
vn -0.000000 0.000000 -1.000000
vn -0.000000 0.000000 -1.000000
vn -0.000000 0.000000 -1.000000
vn 0.000000 1.000000 -0.000000
vn 0.000000 1.000000 -0.000000
vn 0.000000 1.000000 -0.000000
vn 0.000000 1.000000 -0.000000
vn 0.000000 0.000000 1.000000
vn 0.000000 0.000000 1.000000
vn 0.000000 0.000000 1.000000
vn 0.000000 0.000000 1.000000
vn 0.000000 1.000000 -0.000000
vn 0.000000 1.000000 -0.000000
vn 0.000000 1.000000 -0.000000
vn 0.000000 1.000000 -0.000000
vn 0.000000 0.000000 1.000000
vn 0.000000 0.000000 1.000000
vn 0.000000 0.000000 1.000000
vn 0.000000 0.000000 1.000000
vn 0.002622 0.999997 -0.000000
vn 0.002622 0.999997 -0.000000
vn 0.002622 0.999997 -0.000000
vn 0.002622 0.999997 -0.000000
vn 0.000000 0.000000 1.000000
vn 0.000000 0.000000 1.000000
vn 0.000000 0.000000 1.000000
vn 0.000000 0.000000 1.000000
vn 0.000000 1.000000 -0.000000
vn 0.000000 1.000000 -0.000000
vn 0.000000 1.000000 -0.000000
vn 0.000000 1.000000 -0.000000
vn 0.000000 0.000000 1.000000
vn 0.000000 0.000000 1.000000
vn 0.000000 0.000000 1.000000
vn 0.000000 0.000000 1.000000
vn 0.000000 1.000000 -0.000000
vn 0.000000 1.000000 -0.000000
vn 0.000000 1.000000 -0.000000
vn 0.000000 1.000000 -0.000000
vn 0.000000 0.000000 1.000000
vn 0.000000 0.000000 1.000000
vn 0.000000 0.000000 1.000000
vn 0.000000 0.000000 1.000000
vn 0.000000 0.000000 1.000000
vn 0.000000 0.000000 1.000000
vn 0.000000 0.000000 1.000000
vn 0.000000 0.000000 1.000000
vn 0.000000 0.000000 1.000000
vn 0.000000 0.000000 1.000000
vn 0.000000 0.000000 1.000000
vn 0.000000 0.000000 1.000000
vn 0.000000 0.000000 1.000000
vn 0.000000 -1.000000 0.000000
vn 0.000000 -1.000000 0.000000
vn 0.000000 -1.000000 0.000000
vn 0.000000 -1.000000 0.000000
vn 0.000000 0.000000 1.000000
vn 0.000000 0.000000 1.000000
vn 0.000000 0.000000 1.000000
vn 0.000000 0.000000 1.000000
vn 0.000000 -1.000000 0.000000
vn 0.000000 -1.000000 0.000000
vn 0.000000 -1.000000 0.000000
vn 0.000000 -1.000000 0.000000
vn 0.000000 0.000000 1.000000
vn 0.000000 0.000000 1.000000
vn 0.000000 0.000000 1.000000
vn 0.000000 0.000000 1.000000
vn 0.002098 -0.999998 0.000000
vn 0.002098 -0.999998 0.000000
vn 0.002098 -0.999998 0.000000
vn 0.002098 -0.999998 0.000000
vn 0.000000 0.000000 1.000000
vn 0.000000 0.000000 1.000000
vn 0.000000 0.000000 1.000000
vn 0.000000 0.000000 1.000000
vn 0.000000 -1.000000 0.000000
vn 0.000000 -1.000000 0.000000
vn 0.000000 -1.000000 0.000000
vn 0.000000 -1.000000 0.000000
vn 0.000000 0.000000 1.000000
vn 0.000000 0.000000 1.000000
vn 0.000000 0.000000 1.000000
vn 0.000000 0.000000 1.000000
vn 0.000000 -1.000000 0.000000
vn 0.000000 -1.000000 0.000000
vn 0.000000 -1.000000 0.000000
vn 0.000000 -1.000000 0.000000
vn 0.000000 0.000000 1.000000
vn 0.000000 0.000000 1.000000
vn 0.000000 0.000000 1.000000
vn 0.000000 0.000000 1.000000
vn -0.006654 -0.999978 0.000000
vn -0.006654 -0.999978 0.000000
vn -0.006654 -0.999978 0.000000
vn -0.006654 -0.999978 0.000000
vn 0.000000 0.000000 1.000000
vn 0.000000 0.000000 1.000000
vn 0.000000 0.000000 1.000000
vn 0.000000 0.000000 1.000000
vn 0.000000 -1.000000 0.000000
vn 0.000000 -1.000000 0.000000
vn 0.000000 -1.000000 0.000000
vn 0.000000 -1.000000 0.000000
vn 0.000000 0.000000 1.000000
vn 0.000000 0.000000 1.000000
vn 0.000000 0.000000 1.000000
vn 0.000000 0.000000 1.000000
vn 0.000000 0.000000 1.000000
vn 0.000000 0.000000 1.000000
vn 0.000000 0.000000 1.000000
vn 0.000000 0.000000 1.000000
f 86/253/253 87/254/254 85/255/255
f 85/255/255 87/254/254 88/256/256
f 86/257/257 89/258/258 87/259/259
f 87/259/259 89/258/258 90/260/260
f 87/259/259 90/260/260 91/261/261
f 89/262/262 86/263/263 107/264/264
f 107/264/264 86/263/263 85/265/265
f 107/264/264 85/265/265 105/266/266
f 105/266/266 85/265/265 103/267/267
f 105/266/266 103/267/267 104/268/268
f 85/265/265 92/269/269 103/267/267
f 103/267/267 92/269/269 101/270/270
f 103/267/267 101/270/270 102/271/271
f 93/272/272 95/273/273 92/269/269
f 92/269/269 95/273/273 97/274/274
f 92/269/269 97/274/274 99/275/275
f 99/275/275 97/274/274 98/276/276
f 93/272/272 94/277/277 95/273/273
f 95/273/273 96/278/278 97/274/274
f 100/279/279 101/270/270 99/275/275
f 99/275/275 101/270/270 92/269/269
f 105/266/266 106/280/280 107/264/264
f 107/264/264 108/281/281 89/262/262
f 121/282/282 109/283/283 112/284/284
f 112/284/284 109/283/283 110/285/285
f 112/284/284 110/285/285 111/286/286
f 112/284/284 113/287/287 121/282/282
f 121/282/282 113/287/287 119/288/288
f 121/282/282 119/288/288 120/289/289
f 119/288/288 113/287/287 116/290/290
f 116/290/290 113/287/287 114/291/291
f 116/290/290 114/291/291 115/292/292
f 117/293/293 118/294/294 116/290/290
f 116/290/290 118/294/294 119/288/288
f 122/295/295 123/296/296 110/297/297
f 110/297/297 123/296/296 111/298/298
f 124/299/299 125/300/300 123/301/301
f 123/301/301 125/300/300 111/302/302
f 111/302/302 125/300/300 126/303/303
f 111/302/302 126/303/303 128/304/304
f 128/304/304 126/303/303 127/305/305
f 129/306/306 130/307/307 128/304/304
f 128/304/304 130/307/307 112/308/308
f 128/304/304 112/308/308 111/302/302
f 131/309/309 132/310/310 130/307/307
f 130/307/307 132/310/310 112/308/308
f 133/311/311 134/312/312 132/310/310
f 132/310/310 134/312/312 112/308/308
f 135/313/313 136/314/314 134/312/312
f 134/312/312 136/314/314 112/308/308
f 137/315/315 138/316/316 136/314/314
f 136/314/314 138/316/316 112/308/308
f 139/317/317 91/318/318 138/316/316
f 138/316/316 91/318/318 112/308/308
f 90/319/319 140/320/320 91/318/318
f 91/318/318 140/320/320 112/308/308
f 140/321/321 141/322/322 112/323/323
f 112/323/323 141/322/322 113/324/324
f 141/325/325 142/326/326 113/327/327
f 113/327/327 142/326/326 144/328/328
f 113/327/327 144/328/328 114/329/329
f 114/329/329 144/328/328 146/330/330
f 114/329/329 146/330/330 148/331/331
f 148/331/331 146/330/330 147/332/332
f 142/326/326 143/333/333 144/328/328
f 144/328/328 145/334/334 146/330/330
f 149/335/335 150/336/336 148/331/331
f 148/331/331 150/336/336 114/329/329
f 151/337/337 152/338/338 150/336/336
f 150/336/336 152/338/338 114/329/329
f 153/339/339 154/340/340 152/338/338
f 152/338/338 154/340/340 114/329/329
f 155/341/341 156/342/342 154/340/340
f 154/340/340 156/342/342 114/329/329
f 157/343/343 158/344/344 156/342/342
f 156/342/342 158/344/344 114/329/329
f 110/345/345 109/346/346 122/347/347
f 122/347/347 109/346/346 159/348/348
f 160/349/349 159/350/350 121/351/351
f 121/351/351 159/350/350 109/352/352
f 161/353/353 160/354/354 120/355/355
f 120/355/355 160/354/354 121/356/356
f 162/357/357 163/358/358 158/359/359
f 158/359/359 163/358/358 115/360/360
f 158/359/359 115/360/360 114/361/361
f 164/362/362 161/363/363 119/364/364
f 119/364/364 161/363/363 120/365/365
f 165/366/366 164/367/367 118/368/368
f 118/368/368 164/367/367 119/369/369
f 166/370/370 165/371/371 117/372/372
f 117/372/372 165/371/371 118/373/373
f 167/374/374 166/375/375 116/376/376
f 116/376/376 166/375/375 117/377/377
f 163/378/378 167/379/379 115/380/380
f 115/380/380 167/379/379 116/381/381
f 87/382/382 169/383/383 88/384/384
f 88/384/384 169/383/383 171/385/385
f 88/384/384 171/385/385 173/386/386
f 173/386/386 171/385/385 172/387/387
f 87/382/382 168/388/388 169/383/383
f 169/383/383 170/389/389 171/385/385
f 174/390/390 175/391/391 173/386/386
f 173/386/386 175/391/391 88/384/384
f 176/392/392 177/393/393 175/391/391
f 175/391/391 177/393/393 88/384/384
f 178/394/394 179/395/395 177/393/393
f 177/393/393 179/395/395 88/384/384
f 180/396/396 181/397/397 179/395/395
f 179/395/395 181/397/397 88/384/384
f 182/398/398 183/399/399 181/397/397
f 181/397/397 183/399/399 88/384/384
f 85/400/400 88/401/401 92/402/402
f 92/402/402 88/401/401 183/403/403
f 108/404/404 143/405/405 89/406/406
f 89/406/406 143/405/405 142/407/407
f 181/408/408 126/409/409 182/410/410
f 182/410/410 126/409/409 125/411/411
f 126/412/412 181/413/413 127/414/414
f 127/414/414 181/413/413 180/415/415
f 178/416/416 129/417/417 179/418/418
f 179/418/418 129/417/417 128/419/419
f 179/420/420 128/421/421 180/422/422
f 180/422/422 128/421/421 127/423/423
f 125/424/424 93/425/425 182/426/426
f 182/426/426 93/425/425 92/427/427
f 182/426/426 92/427/427 183/428/428
f 125/424/424 124/429/429 93/425/425
f 93/425/425 124/429/429 162/430/430
f 93/425/425 162/430/430 158/431/431
f 123/432/432 122/433/433 124/434/434
f 124/434/434 122/433/433 159/435/435
f 124/434/434 159/435/435 160/436/436
f 161/437/437 164/438/438 160/436/436
f 160/436/436 164/438/438 167/439/439
f 160/436/436 167/439/439 162/440/440
f 162/440/440 167/439/439 163/441/441
f 164/438/438 165/442/442 167/439/439
f 167/439/439 165/442/442 166/443/443
f 162/440/440 124/434/434 160/436/436
f 176/444/444 131/445/445 177/446/446
f 177/446/446 131/445/445 130/447/447
f 177/448/448 130/449/449 178/450/450
f 178/450/450 130/449/449 129/451/451
f 174/452/452 133/453/453 175/454/454
f 175/454/454 133/453/453 132/455/455
f 175/456/456 132/457/457 176/458/458
f 176/458/458 132/457/457 131/459/459
f 172/460/460 135/461/461 173/462/462
f 173/462/462 135/461/461 134/463/463
f 174/464/464 173/465/465 133/466/466
f 133/466/466 173/465/465 134/467/467
f 170/468/468 137/469/469 171/470/470
f 171/470/470 137/469/469 136/471/471
f 172/472/472 171/473/473 135/474/474
f 135/474/474 171/473/473 136/475/475
f 168/476/476 139/477/477 169/478/478
f 169/478/478 139/477/477 138/479/479
f 169/480/480 138/481/481 170/482/482
f 170/482/482 138/481/481 137/483/483
f 87/484/484 91/485/485 168/486/486
f 168/486/486 91/485/485 139/487/487
f 90/488/488 89/489/489 140/490/490
f 140/490/490 89/489/489 141/491/491
f 141/491/491 89/489/489 142/492/492
f 106/493/493 145/494/494 107/495/495
f 107/495/495 145/494/494 144/496/496
f 107/497/497 144/498/498 108/499/499
f 108/499/499 144/498/498 143/500/500
f 104/501/501 147/502/502 105/503/503
f 105/503/503 147/502/502 146/504/504
f 105/505/505 146/506/506 106/507/507
f 106/507/507 146/506/506 145/508/508
f 102/509/509 149/510/510 103/511/511
f 103/511/511 149/510/510 148/512/512
f 103/513/513 148/514/514 104/515/515
f 104/515/515 148/514/514 147/516/516
f 100/517/517 151/518/518 101/519/519
f 101/519/519 151/518/518 150/520/520
f 101/521/521 150/522/522 102/523/523
f 102/523/523 150/522/522 149/524/524
f 98/525/525 153/526/526 99/527/527
f 99/527/527 153/526/526 152/528/528
f 99/529/529 152/530/530 100/531/531
f 100/531/531 152/530/530 151/532/532
f 96/533/533 155/534/534 97/535/535
f 97/535/535 155/534/534 154/536/536
f 154/537/537 153/538/538 97/539/539
f 97/539/539 153/538/538 98/540/540
f 94/541/541 157/542/542 95/543/543
f 95/543/543 157/542/542 156/544/544
f 96/545/545 95/546/546 155/547/547
f 155/547/547 95/546/546 156/548/548
f 93/549/549 158/550/550 94/551/551
f 94/551/551 158/550/550 157/552/552
g Cuerpo9

v 24.500000 0.700000 0.000000
v 24.500000 6.300000 0.000000
v 24.500000 6.300000 2.000000
v 24.500000 0.700000 2.000000
v 21.200000 0.700000 0.000000
v 21.200000 0.700000 2.000000
v 21.200000 6.200000 0.000000
v 21.200000 6.200000 2.000000
v 22.200000 6.200000 0.000000
v 22.200000 6.200000 2.000000
v 22.200000 6.300000 0.000000
v 22.200000 6.300000 2.000000
vt 0.000000 0.000000 0.000000
vt 5.600000 0.000000 0.000000
vt 0.000000 2.000000 0.000000
vt 5.600000 2.000000 0.000000
vt 0.000000 0.000000 0.000000
vt 3.300000 0.000000 0.000000
vt 0.000000 2.000000 0.000000
vt 3.300000 2.000000 0.000000
vt 0.000000 0.000000 0.000000
vt 5.500000 0.000000 0.000000
vt 0.000000 2.000000 0.000000
vt 5.500000 2.000000 0.000000
vt 0.000000 0.000000 0.000000
vt 1.000000 0.000000 0.000000
vt 0.000000 2.000000 0.000000
vt 1.000000 2.000000 0.000000
vt 0.000000 0.000000 0.000000
vt 0.100000 0.000000 0.000000
vt 0.000000 2.000000 0.000000
vt 0.100000 2.000000 0.000000
vt 0.000000 0.000000 0.000000
vt 2.300000 0.000000 0.000000
vt 0.000000 2.000000 0.000000
vt 2.300000 2.000000 0.000000
vt -0.650000 2.800000 0.000000
vt -0.650000 2.700000 0.000000
vt 1.650000 2.800000 0.000000
vt 1.650000 -2.800000 0.000000
vt -1.650000 -2.800000 0.000000
vt -1.650000 2.700000 0.000000
vt 0.650000 2.800000 0.000000
vt -1.650000 2.800000 0.000000
vt 0.650000 2.700000 0.000000
vt -1.650000 -2.800000 0.000000
vt 1.650000 -2.800000 0.000000
vt 1.650000 2.700000 0.000000
vn 1.000000 0.000000 -0.000000
vn 1.000000 0.000000 -0.000000
vn 1.000000 0.000000 -0.000000
vn 1.000000 0.000000 -0.000000
vn 0.000000 -1.000000 0.000000
vn 0.000000 -1.000000 0.000000
vn 0.000000 -1.000000 0.000000
vn 0.000000 -1.000000 0.000000
vn -1.000000 0.000000 0.000000
vn -1.000000 0.000000 0.000000
vn -1.000000 0.000000 0.000000
vn -1.000000 0.000000 0.000000
vn 0.000000 1.000000 -0.000000
vn 0.000000 1.000000 -0.000000
vn 0.000000 1.000000 -0.000000
vn 0.000000 1.000000 -0.000000
vn -1.000000 0.000000 0.000000
vn -1.000000 0.000000 0.000000
vn -1.000000 0.000000 0.000000
vn -1.000000 0.000000 0.000000
vn 0.000000 1.000000 -0.000000
vn 0.000000 1.000000 -0.000000
vn 0.000000 1.000000 -0.000000
vn 0.000000 1.000000 -0.000000
vn 0.000000 0.000000 1.000000
vn 0.000000 0.000000 1.000000
vn 0.000000 0.000000 1.000000
vn 0.000000 0.000000 1.000000
vn 0.000000 0.000000 1.000000
vn 0.000000 0.000000 1.000000
vn 0.000000 -0.000000 -1.000000
vn 0.000000 -0.000000 -1.000000
vn 0.000000 -0.000000 -1.000000
vn 0.000000 -0.000000 -1.000000
vn 0.000000 -0.000000 -1.000000
vn 0.000000 -0.000000 -1.000000
f 184/553/553 185/554/554 187/555/555
f 187/555/555 185/554/554 186/556/556
f 188/557/557 184/558/558 189/559/559
f 189/559/559 184/558/558 187/560/560
f 190/561/561 188/562/562 191/563/563
f 191/563/563 188/562/562 189/564/564
f 192/565/565 190/566/566 193/567/567
f 193/567/567 190/566/566 191/568/568
f 194/569/569 192/570/570 195/571/571
f 195/571/571 192/570/570 193/572/572
f 185/573/573 194/574/574 186/575/575
f 186/575/575 194/574/574 195/576/576
f 195/577/577 193/578/578 186/579/579
f 186/579/579 193/578/578 187/580/580
f 187/580/580 193/578/578 189/581/581
f 189/581/581 193/578/578 191/582/582
f 194/583/583 185/584/584 192/585/585
f 192/585/585 185/584/584 184/586/586
f 192/585/585 184/586/586 188/587/587
f 188/587/587 190/588/588 192/585/585
g Cuerpo10

v 27.000000 6.200000 0.000000
v 26.999977 6.300000 0.000000
v 26.999977 6.300000 2.000000
v 27.000000 6.200000 2.000000
v 28.000000 6.200000 0.000000
v 28.000000 6.200000 2.000000
v 28.000000 0.700000 0.000000
v 28.000000 0.700000 2.000000
v 24.700000 0.700000 0.000000
v 24.700000 0.700000 2.000000
v 24.700000 6.300000 0.000000
v 24.700000 6.300000 2.000000
vt 0.000000 0.000000 0.000000
vt 0.100000 0.000000 0.000000
vt 0.000000 2.000000 0.000000
vt 0.100000 2.000000 0.000000
vt 0.000000 0.000000 0.000000
vt 1.000000 0.000000 0.000000
vt 0.000000 2.000000 0.000000
vt 1.000000 2.000000 0.000000
vt 0.000000 0.000000 0.000000
vt 5.500000 0.000000 0.000000
vt 0.000000 2.000000 0.000000
vt 5.500000 2.000000 0.000000
vt 0.000000 0.000000 0.000000
vt 3.300000 0.000000 0.000000
vt 0.000000 2.000000 0.000000
vt 3.300000 2.000000 0.000000
vt 0.000000 0.000000 0.000000
vt 5.600000 0.000000 0.000000
vt 0.000000 2.000000 0.000000
vt 5.600000 2.000000 0.000000
vt 0.000000 0.000000 0.000000
vt 2.299977 0.000000 0.000000
vt 0.000000 2.000000 0.000000
vt 2.299977 2.000000 0.000000
vt 0.649977 2.800000 0.000000
vt -1.650000 2.800000 0.000000
vt 0.650000 2.700000 0.000000
vt -1.650000 -2.800000 0.000000
vt 1.650000 -2.800000 0.000000
vt 1.650000 2.700000 0.000000
vt -0.649977 2.800000 0.000000
vt -0.650000 2.700000 0.000000
vt 1.650000 2.800000 0.000000
vt 1.650000 -2.800000 0.000000
vt -1.650000 -2.800000 0.000000
vt -1.650000 2.700000 0.000000
vn 1.000000 0.000234 -0.000000
vn 1.000000 0.000234 -0.000000
vn 1.000000 0.000234 -0.000000
vn 1.000000 0.000234 -0.000000
vn 0.000000 1.000000 -0.000000
vn 0.000000 1.000000 -0.000000
vn 0.000000 1.000000 -0.000000
vn 0.000000 1.000000 -0.000000
vn 1.000000 -0.000000 0.000000
vn 1.000000 -0.000000 0.000000
vn 1.000000 -0.000000 0.000000
vn 1.000000 -0.000000 0.000000
vn 0.000000 -1.000000 0.000000
vn 0.000000 -1.000000 0.000000
vn 0.000000 -1.000000 0.000000
vn 0.000000 -1.000000 0.000000
vn -1.000000 0.000000 0.000000
vn -1.000000 0.000000 0.000000
vn -1.000000 0.000000 0.000000
vn -1.000000 0.000000 0.000000
vn 0.000000 1.000000 -0.000000
vn 0.000000 1.000000 -0.000000
vn 0.000000 1.000000 -0.000000
vn 0.000000 1.000000 -0.000000
vn 0.000000 0.000000 1.000000
vn 0.000000 0.000000 1.000000
vn 0.000000 0.000000 1.000000
vn 0.000000 0.000000 1.000000
vn 0.000000 0.000000 1.000000
vn 0.000000 0.000000 1.000000
vn -0.000000 -0.000000 -1.000000
vn -0.000000 -0.000000 -1.000000
vn -0.000000 -0.000000 -1.000000
vn -0.000000 -0.000000 -1.000000
vn -0.000000 -0.000000 -1.000000
vn -0.000000 -0.000000 -1.000000
f 196/589/589 197/590/590 199/591/591
f 199/591/591 197/590/590 198/592/592
f 200/593/593 196/594/594 201/595/595
f 201/595/595 196/594/594 199/596/596
f 202/597/597 200/598/598 203/599/599
f 203/599/599 200/598/598 201/600/600
f 204/601/601 202/602/602 205/603/603
f 205/603/603 202/602/602 203/604/604
f 206/605/605 204/606/606 207/607/607
f 207/607/607 204/606/606 205/608/608
f 197/609/609 206/610/610 198/611/611
f 198/611/611 206/610/610 207/612/612
f 198/613/613 207/614/614 199/615/615
f 199/615/615 207/614/614 205/616/616
f 199/615/615 205/616/616 203/617/617
f 203/617/617 201/618/618 199/615/615
f 197/619/619 196/620/620 206/621/621
f 206/621/621 196/620/620 204/622/622
f 204/622/622 196/620/620 202/623/623
f 202/623/623 196/620/620 200/624/624
g Cuerpo11

v 15.200000 8.800000 0.000000
v 17.500000 8.800000 0.000000
v 17.500000 8.800000 2.000000
v 15.200000 8.800000 2.000000
v 15.200000 8.900000 0.000000
v 15.200000 8.900000 2.000000
v 14.200000 8.900000 0.000000
v 14.200000 8.900000 2.000000
v 14.200000 14.400000 0.000000
v 14.200000 14.400000 2.000000
v 17.500000 14.400000 0.000000
v 17.500000 14.400000 2.000000
vt 0.000000 0.000000 0.000000
vt 2.300000 0.000000 0.000000
vt 0.000000 2.000000 0.000000
vt 2.300000 2.000000 0.000000
vt -0.000000 0.000000 0.000000
vt 0.100000 0.000000 0.000000
vt -0.000000 2.000000 0.000000
vt 0.100000 2.000000 0.000000
vt 0.000000 0.000000 0.000000
vt 1.000000 0.000000 0.000000
vt 0.000000 2.000000 0.000000
vt 1.000000 2.000000 0.000000
vt -0.000000 0.000000 0.000000
vt 5.500000 0.000000 0.000000
vt -0.000000 2.000000 0.000000
vt 5.500000 2.000000 0.000000
vt -0.000000 0.000000 0.000000
vt 3.300000 0.000000 0.000000
vt -0.000000 2.000000 0.000000
vt 3.300000 2.000000 0.000000
vt 0.000000 0.000000 0.000000
vt 5.600000 0.000000 0.000000
vt 0.000000 2.000000 0.000000
vt 5.600000 2.000000 0.000000
vt -0.650000 -2.800000 0.000000
vt 1.650000 -2.800000 0.000000
vt -0.650000 -2.700000 0.000000
vt 1.650000 2.800000 0.000000
vt -1.650000 2.800000 0.000000
vt -1.650000 -2.700000 0.000000
vt 1.650000 2.800000 0.000000
vt -1.650000 2.800000 0.000000
vt 0.650000 -2.700000 0.000000
vt -1.650000 -2.800000 0.000000
vt 0.650000 -2.800000 0.000000
vt 1.650000 -2.700000 0.000000
vn 0.000000 -1.000000 0.000000
vn 0.000000 -1.000000 0.000000
vn 0.000000 -1.000000 0.000000
vn 0.000000 -1.000000 0.000000
vn -1.000000 0.000000 0.000000
vn -1.000000 0.000000 0.000000
vn -1.000000 0.000000 0.000000
vn -1.000000 0.000000 0.000000
vn 0.000000 -1.000000 0.000000
vn 0.000000 -1.000000 0.000000
vn 0.000000 -1.000000 0.000000
vn 0.000000 -1.000000 0.000000
vn -1.000000 0.000000 0.000000
vn -1.000000 0.000000 0.000000
vn -1.000000 0.000000 0.000000
vn -1.000000 0.000000 0.000000
vn 0.000000 1.000000 0.000000
vn 0.000000 1.000000 0.000000
vn 0.000000 1.000000 0.000000
vn 0.000000 1.000000 0.000000
vn 1.000000 0.000000 -0.000000
vn 1.000000 0.000000 -0.000000
vn 1.000000 0.000000 -0.000000
vn 1.000000 0.000000 -0.000000
vn 0.000000 0.000000 1.000000
vn 0.000000 0.000000 1.000000
vn 0.000000 0.000000 1.000000
vn 0.000000 0.000000 1.000000
vn 0.000000 0.000000 1.000000
vn 0.000000 0.000000 1.000000
vn -0.000000 -0.000000 -1.000000
vn -0.000000 -0.000000 -1.000000
vn -0.000000 -0.000000 -1.000000
vn -0.000000 -0.000000 -1.000000
vn -0.000000 -0.000000 -1.000000
vn -0.000000 -0.000000 -1.000000
f 208/625/625 209/626/626 211/627/627
f 211/627/627 209/626/626 210/628/628
f 212/629/629 208/630/630 213/631/631
f 213/631/631 208/630/630 211/632/632
f 214/633/633 212/634/634 215/635/635
f 215/635/635 212/634/634 213/636/636
f 216/637/637 214/638/638 217/639/639
f 217/639/639 214/638/638 215/640/640
f 218/641/641 216/642/642 219/643/643
f 219/643/643 216/642/642 217/644/644
f 209/645/645 218/646/646 210/647/647
f 210/647/647 218/646/646 219/648/648
f 211/649/649 210/650/650 213/651/651
f 213/651/651 210/650/650 219/652/652
f 213/651/651 219/652/652 217/653/653
f 217/653/653 215/654/654 213/651/651
f 216/655/655 218/656/656 212/657/657
f 212/657/657 218/656/656 209/658/658
f 212/657/657 209/658/658 208/659/659
f 212/657/657 214/660/660 216/655/655
g Cuerpo12

v 28.000000 14.400000 0.000000
v 24.700000 14.400000 0.000000
v 24.700000 14.400000 2.000000
v 28.000000 14.400000 2.000000
v 28.000000 8.900000 0.000000
v 28.000000 8.900000 2.000000
v 27.000000 8.900000 0.000000
v 27.000000 8.900000 2.000000
v 27.000000 8.800000 0.000000
v 27.000000 8.800000 2.000000
v 24.700000 8.800000 0.000000
v 24.700000 8.800000 2.000000
vt -0.000000 0.000000 0.000000
vt 3.300000 0.000000 0.000000
vt -0.000000 2.000000 0.000000
vt 3.300000 2.000000 0.000000
vt 0.000000 0.000000 0.000000
vt 5.500000 0.000000 0.000000
vt 0.000000 2.000000 0.000000
vt 5.500000 2.000000 0.000000
vt 0.000000 0.000000 0.000000
vt 1.000000 0.000000 0.000000
vt 0.000000 2.000000 0.000000
vt 1.000000 2.000000 0.000000
vt 0.000000 0.000000 0.000000
vt 0.100000 0.000000 0.000000
vt 0.000000 2.000000 0.000000
vt 0.100000 2.000000 0.000000
vt 0.000000 0.000000 0.000000
vt 2.300000 0.000000 0.000000
vt 0.000000 2.000000 0.000000
vt 2.300000 2.000000 0.000000
vt 0.000000 0.000000 0.000000
vt 5.600000 0.000000 0.000000
vt 0.000000 2.000000 0.000000
vt 5.600000 2.000000 0.000000
vt 1.650000 2.800000 0.000000
vt -1.650000 2.800000 0.000000
vt 0.650000 -2.700000 0.000000
vt -1.650000 -2.800000 0.000000
vt 0.650000 -2.800000 0.000000
vt 1.650000 -2.700000 0.000000
vt -0.650000 -2.800000 0.000000
vt 1.650000 -2.800000 0.000000
vt -0.650000 -2.700000 0.000000
vt 1.650000 2.800000 0.000000
vt -1.650000 2.800000 0.000000
vt -1.650000 -2.700000 0.000000
vn 0.000000 1.000000 0.000000
vn 0.000000 1.000000 0.000000
vn 0.000000 1.000000 0.000000
vn 0.000000 1.000000 0.000000
vn 1.000000 -0.000000 0.000000
vn 1.000000 -0.000000 0.000000
vn 1.000000 -0.000000 0.000000
vn 1.000000 -0.000000 0.000000
vn 0.000000 -1.000000 0.000000
vn 0.000000 -1.000000 0.000000
vn 0.000000 -1.000000 0.000000
vn 0.000000 -1.000000 0.000000
vn 1.000000 0.000001 -0.000000
vn 1.000000 0.000001 -0.000000
vn 1.000000 0.000001 -0.000000
vn 1.000000 0.000001 -0.000000
vn 0.000000 -1.000000 0.000000
vn 0.000000 -1.000000 0.000000
vn 0.000000 -1.000000 0.000000
vn 0.000000 -1.000000 0.000000
vn -1.000000 0.000000 0.000000
vn -1.000000 0.000000 0.000000
vn -1.000000 0.000000 0.000000
vn -1.000000 0.000000 0.000000
vn 0.000000 0.000000 1.000000
vn 0.000000 0.000000 1.000000
vn 0.000000 0.000000 1.000000
vn 0.000000 0.000000 1.000000
vn 0.000000 0.000000 1.000000
vn 0.000000 0.000000 1.000000
vn -0.000000 0.000000 -1.000000
vn -0.000000 0.000000 -1.000000
vn -0.000000 0.000000 -1.000000
vn -0.000000 0.000000 -1.000000
vn -0.000000 0.000000 -1.000000
vn -0.000000 0.000000 -1.000000
f 220/661/661 221/662/662 223/663/663
f 223/663/663 221/662/662 222/664/664
f 224/665/665 220/666/666 225/667/667
f 225/667/667 220/666/666 223/668/668
f 226/669/669 224/670/670 227/671/671
f 227/671/671 224/670/670 225/672/672
f 228/673/673 226/674/674 229/675/675
f 229/675/675 226/674/674 227/676/676
f 230/677/677 228/678/678 231/679/679
f 231/679/679 228/678/678 229/680/680
f 221/681/681 230/682/682 222/683/683
f 222/683/683 230/682/682 231/684/684
f 223/685/685 222/686/686 227/687/687
f 227/687/687 222/686/686 231/688/688
f 227/687/687 231/688/688 229/689/689
f 227/687/687 225/690/690 223/685/685
f 228/691/691 230/692/692 226/693/693
f 226/693/693 230/692/692 221/694/694
f 226/693/693 221/694/694 220/695/695
f 220/695/695 224/696/696 226/693/693
g Cuerpo14

v 35.000000 8.900000 0.000000
v 35.000000 14.400000 0.000000
v 35.000000 14.400000 2.000000
v 35.000000 8.900000 2.000000
v 34.000000 8.900000 0.000000
v 34.000000 8.900000 2.000000
v 34.000000 8.800000 0.000000
v 34.000000 8.800000 2.000000
v 31.700000 8.800000 0.000000
v 31.700000 8.800000 2.000000
v 31.700000 14.400000 0.000000
v 31.700000 14.400000 2.000000
vt 0.000000 0.000000 0.000000
vt 5.500000 0.000000 0.000000
vt 0.000000 2.000000 0.000000
vt 5.500000 2.000000 0.000000
vt 0.000000 0.000000 0.000000
vt 1.000000 0.000000 0.000000
vt 0.000000 2.000000 0.000000
vt 1.000000 2.000000 0.000000
vt 0.000000 0.000000 0.000000
vt 0.100000 0.000000 0.000000
vt 0.000000 2.000000 0.000000
vt 0.100000 2.000000 0.000000
vt 0.000000 0.000000 0.000000
vt 2.300000 0.000000 0.000000
vt 0.000000 2.000000 0.000000
vt 2.300000 2.000000 0.000000
vt 0.000000 0.000000 0.000000
vt 5.600000 0.000000 0.000000
vt 0.000000 2.000000 0.000000
vt 5.600000 2.000000 0.000000
vt -0.000000 0.000000 0.000000
vt 3.300000 0.000000 0.000000
vt -0.000000 2.000000 0.000000
vt 3.300000 2.000000 0.000000
vt 1.650000 -2.700000 0.000000
vt 1.650000 2.800000 0.000000
vt 0.650000 -2.700000 0.000000
vt -1.650000 2.800000 0.000000
vt -1.650000 -2.800000 0.000000
vt 0.650000 -2.800000 0.000000
vt 1.650000 -2.800000 0.000000
vt 1.650000 2.800000 0.000000
vt -0.650000 -2.700000 0.000000
vt -1.650000 2.800000 0.000000
vt -1.650000 -2.700000 0.000000
vt -0.650000 -2.800000 0.000000
vn 1.000000 -0.000000 0.000000
vn 1.000000 -0.000000 0.000000
vn 1.000000 -0.000000 0.000000
vn 1.000000 -0.000000 0.000000
vn 0.000000 -1.000000 0.000000
vn 0.000000 -1.000000 0.000000
vn 0.000000 -1.000000 0.000000
vn 0.000000 -1.000000 0.000000
vn 1.000000 0.000001 -0.000000
vn 1.000000 0.000001 -0.000000
vn 1.000000 0.000001 -0.000000
vn 1.000000 0.000001 -0.000000
vn 0.000000 -1.000000 0.000000
vn 0.000000 -1.000000 0.000000
vn 0.000000 -1.000000 0.000000
vn 0.000000 -1.000000 0.000000
vn -1.000000 0.000000 0.000000
vn -1.000000 0.000000 0.000000
vn -1.000000 0.000000 0.000000
vn -1.000000 0.000000 0.000000
vn 0.000000 1.000000 0.000000
vn 0.000000 1.000000 0.000000
vn 0.000000 1.000000 0.000000
vn 0.000000 1.000000 0.000000
vn 0.000000 0.000000 1.000000
vn 0.000000 0.000000 1.000000
vn 0.000000 0.000000 1.000000
vn 0.000000 0.000000 1.000000
vn 0.000000 0.000000 1.000000
vn 0.000000 0.000000 1.000000
vn -0.000000 -0.000000 -1.000000
vn -0.000000 -0.000000 -1.000000
vn -0.000000 -0.000000 -1.000000
vn -0.000000 -0.000000 -1.000000
vn -0.000000 -0.000000 -1.000000
vn -0.000000 -0.000000 -1.000000
f 232/697/697 233/698/698 235/699/699
f 235/699/699 233/698/698 234/700/700
f 236/701/701 232/702/702 237/703/703
f 237/703/703 232/702/702 235/704/704
f 238/705/705 236/706/706 239/707/707
f 239/707/707 236/706/706 237/708/708
f 240/709/709 238/710/710 241/711/711
f 241/711/711 238/710/710 239/712/712
f 242/713/713 240/714/714 243/715/715
f 243/715/715 240/714/714 241/716/716
f 233/717/717 242/718/718 234/719/719
f 234/719/719 242/718/718 243/720/720
f 235/721/721 234/722/722 237/723/723
f 237/723/723 234/722/722 243/724/724
f 237/723/723 243/724/724 241/725/725
f 241/725/725 239/726/726 237/723/723
f 240/727/727 242/728/728 236/729/729
f 236/729/729 242/728/728 233/730/730
f 236/729/729 233/730/730 232/731/731
f 236/729/729 238/732/732 240/727/727
g Cuerpo15

v 21.000000 14.400000 0.000000
v 17.700000 14.400000 0.000000
v 17.700000 14.400000 2.000000
v 21.000000 14.400000 2.000000
v 21.000000 8.900000 0.000000
v 21.000000 8.900000 2.000000
v 20.000000 8.900000 0.000000
v 20.000000 8.900000 2.000000
v 20.000000 8.800000 0.000000
v 20.000000 8.800000 2.000000
v 17.700000 8.800000 0.000000
v 17.700000 8.800000 2.000000
vt -0.000000 0.000000 0.000000
vt 3.300000 0.000000 0.000000
vt -0.000000 2.000000 0.000000
vt 3.300000 2.000000 0.000000
vt 0.000000 0.000000 0.000000
vt 5.500000 0.000000 0.000000
vt 0.000000 2.000000 0.000000
vt 5.500000 2.000000 0.000000
vt 0.000000 0.000000 0.000000
vt 1.000000 0.000000 0.000000
vt 0.000000 2.000000 0.000000
vt 1.000000 2.000000 0.000000
vt 0.000000 0.000000 0.000000
vt 0.100000 0.000000 0.000000
vt 0.000000 2.000000 0.000000
vt 0.100000 2.000000 0.000000
vt 0.000000 0.000000 0.000000
vt 2.300000 0.000000 0.000000
vt 0.000000 2.000000 0.000000
vt 2.300000 2.000000 0.000000
vt 0.000000 0.000000 0.000000
vt 5.600000 0.000000 0.000000
vt 0.000000 2.000000 0.000000
vt 5.600000 2.000000 0.000000
vt 1.650000 2.800000 0.000000
vt -1.650000 2.800000 0.000000
vt 0.650000 -2.700000 0.000000
vt -1.650000 -2.800000 0.000000
vt 0.650000 -2.800000 0.000000
vt 1.650000 -2.700000 0.000000
vt -0.650000 -2.800000 0.000000
vt 1.650000 -2.800000 0.000000
vt -0.650000 -2.700000 0.000000
vt 1.650000 2.800000 0.000000
vt -1.650000 2.800000 0.000000
vt -1.650000 -2.700000 0.000000
vn 0.000000 1.000000 0.000000
vn 0.000000 1.000000 0.000000
vn 0.000000 1.000000 0.000000
vn 0.000000 1.000000 0.000000
vn 1.000000 -0.000000 0.000000
vn 1.000000 -0.000000 0.000000
vn 1.000000 -0.000000 0.000000
vn 1.000000 -0.000000 0.000000
vn 0.000000 -1.000000 0.000000
vn 0.000000 -1.000000 0.000000
vn 0.000000 -1.000000 0.000000
vn 0.000000 -1.000000 0.000000
vn 1.000000 0.000001 -0.000000
vn 1.000000 0.000001 -0.000000
vn 1.000000 0.000001 -0.000000
vn 1.000000 0.000001 -0.000000
vn 0.000000 -1.000000 0.000000
vn 0.000000 -1.000000 0.000000
vn 0.000000 -1.000000 0.000000
vn 0.000000 -1.000000 0.000000
vn -1.000000 0.000000 0.000000
vn -1.000000 0.000000 0.000000
vn -1.000000 0.000000 0.000000
vn -1.000000 0.000000 0.000000
vn 0.000000 0.000000 1.000000
vn 0.000000 0.000000 1.000000
vn 0.000000 0.000000 1.000000
vn 0.000000 0.000000 1.000000
vn 0.000000 0.000000 1.000000
vn 0.000000 0.000000 1.000000
vn -0.000000 0.000000 -1.000000
vn -0.000000 0.000000 -1.000000
vn -0.000000 0.000000 -1.000000
vn -0.000000 0.000000 -1.000000
vn -0.000000 0.000000 -1.000000
vn -0.000000 0.000000 -1.000000
f 244/733/733 245/734/734 247/735/735
f 247/735/735 245/734/734 246/736/736
f 248/737/737 244/738/738 249/739/739
f 249/739/739 244/738/738 247/740/740
f 250/741/741 248/742/742 251/743/743
f 251/743/743 248/742/742 249/744/744
f 252/745/745 250/746/746 253/747/747
f 253/747/747 250/746/746 251/748/748
f 254/749/749 252/750/750 255/751/751
f 255/751/751 252/750/750 253/752/752
f 245/753/753 254/754/754 246/755/755
f 246/755/755 254/754/754 255/756/756
f 247/757/757 246/758/758 251/759/759
f 251/759/759 246/758/758 255/760/760
f 251/759/759 255/760/760 253/761/761
f 251/759/759 249/762/762 247/757/757
f 252/763/763 254/764/764 250/765/765
f 250/765/765 254/764/764 245/766/766
f 250/765/765 245/766/766 244/767/767
f 244/767/767 248/768/768 250/765/765
g Cuerpo16

v 34.000000 6.200000 0.000000
v 33.999977 6.300000 0.000000
v 33.999977 6.300000 2.000000
v 34.000000 6.200000 2.000000
v 35.000000 6.200000 0.000000
v 35.000000 6.200000 2.000000
v 35.000000 0.700000 0.000000
v 35.000000 0.700000 2.000000
v 31.700000 0.700000 0.000000
v 31.700000 0.700000 2.000000
v 31.700000 6.300000 0.000000
v 31.700000 6.300000 2.000000
vt 0.000000 0.000000 0.000000
vt 0.100000 0.000000 0.000000
vt 0.000000 2.000000 0.000000
vt 0.100000 2.000000 0.000000
vt 0.000000 0.000000 0.000000
vt 1.000000 0.000000 0.000000
vt 0.000000 2.000000 0.000000
vt 1.000000 2.000000 0.000000
vt 0.000000 0.000000 0.000000
vt 5.500000 0.000000 0.000000
vt 0.000000 2.000000 0.000000
vt 5.500000 2.000000 0.000000
vt 0.000000 0.000000 0.000000
vt 3.300000 0.000000 0.000000
vt 0.000000 2.000000 0.000000
vt 3.300000 2.000000 0.000000
vt 0.000000 0.000000 0.000000
vt 5.600000 0.000000 0.000000
vt 0.000000 2.000000 0.000000
vt 5.600000 2.000000 0.000000
vt 0.000000 0.000000 0.000000
vt 2.299977 0.000000 0.000000
vt 0.000000 2.000000 0.000000
vt 2.299977 2.000000 0.000000
vt 0.649977 2.800000 0.000000
vt -1.650000 2.800000 0.000000
vt 0.650000 2.700000 0.000000
vt -1.650000 -2.800000 0.000000
vt 1.650000 -2.800000 0.000000
vt 1.650000 2.700000 0.000000
vt -0.649977 2.800000 0.000000
vt -0.650000 2.700000 0.000000
vt 1.650000 2.800000 0.000000
vt 1.650000 -2.800000 0.000000
vt -1.650000 -2.800000 0.000000
vt -1.650000 2.700000 0.000000
vn 1.000000 0.000234 -0.000000
vn 1.000000 0.000234 -0.000000
vn 1.000000 0.000234 -0.000000
vn 1.000000 0.000234 -0.000000
vn 0.000000 1.000000 -0.000000
vn 0.000000 1.000000 -0.000000
vn 0.000000 1.000000 -0.000000
vn 0.000000 1.000000 -0.000000
vn 1.000000 -0.000000 0.000000
vn 1.000000 -0.000000 0.000000
vn 1.000000 -0.000000 0.000000
vn 1.000000 -0.000000 0.000000
vn 0.000000 -1.000000 0.000000
vn 0.000000 -1.000000 0.000000
vn 0.000000 -1.000000 0.000000
vn 0.000000 -1.000000 0.000000
vn -1.000000 0.000000 0.000000
vn -1.000000 0.000000 0.000000
vn -1.000000 0.000000 0.000000
vn -1.000000 0.000000 0.000000
vn 0.000000 1.000000 -0.000000
vn 0.000000 1.000000 -0.000000
vn 0.000000 1.000000 -0.000000
vn 0.000000 1.000000 -0.000000
vn 0.000000 0.000000 1.000000
vn 0.000000 0.000000 1.000000
vn 0.000000 0.000000 1.000000
vn 0.000000 0.000000 1.000000
vn 0.000000 0.000000 1.000000
vn 0.000000 0.000000 1.000000
vn -0.000000 0.000000 -1.000000
vn -0.000000 0.000000 -1.000000
vn -0.000000 0.000000 -1.000000
vn -0.000000 0.000000 -1.000000
vn -0.000000 0.000000 -1.000000
vn -0.000000 0.000000 -1.000000
f 256/769/769 257/770/770 259/771/771
f 259/771/771 257/770/770 258/772/772
f 260/773/773 256/774/774 261/775/775
f 261/775/775 256/774/774 259/776/776
f 262/777/777 260/778/778 263/779/779
f 263/779/779 260/778/778 261/780/780
f 264/781/781 262/782/782 265/783/783
f 265/783/783 262/782/782 263/784/784
f 266/785/785 264/786/786 267/787/787
f 267/787/787 264/786/786 265/788/788
f 257/789/789 266/790/790 258/791/791
f 258/791/791 266/790/790 267/792/792
f 258/793/793 267/794/794 259/795/795
f 259/795/795 267/794/794 265/796/796
f 259/795/795 265/796/796 263/797/797
f 263/797/797 261/798/798 259/795/795
f 257/799/799 256/800/800 266/801/801
f 266/801/801 256/800/800 264/802/802
f 264/802/802 256/800/800 262/803/803
f 262/803/803 256/800/800 260/804/804
g Cuerpo17

v 20.000000 6.200000 0.000000
v 19.999977 6.300000 0.000000
v 19.999977 6.300000 2.000000
v 20.000000 6.200000 2.000000
v 21.000000 6.200000 0.000000
v 21.000000 6.200000 2.000000
v 21.000000 0.700000 0.000000
v 21.000000 0.700000 2.000000
v 17.700000 0.700000 0.000000
v 17.700000 0.700000 2.000000
v 17.700000 6.300000 0.000000
v 17.700000 6.300000 2.000000
vt 0.000000 0.000000 0.000000
vt 0.100000 0.000000 0.000000
vt 0.000000 2.000000 0.000000
vt 0.100000 2.000000 0.000000
vt 0.000000 0.000000 0.000000
vt 1.000000 0.000000 0.000000
vt 0.000000 2.000000 0.000000
vt 1.000000 2.000000 0.000000
vt 0.000000 0.000000 0.000000
vt 5.500000 0.000000 0.000000
vt 0.000000 2.000000 0.000000
vt 5.500000 2.000000 0.000000
vt 0.000000 0.000000 0.000000
vt 3.300000 0.000000 0.000000
vt 0.000000 2.000000 0.000000
vt 3.300000 2.000000 0.000000
vt 0.000000 0.000000 0.000000
vt 5.600000 0.000000 0.000000
vt 0.000000 2.000000 0.000000
vt 5.600000 2.000000 0.000000
vt 0.000000 0.000000 0.000000
vt 2.299977 0.000000 0.000000
vt 0.000000 2.000000 0.000000
vt 2.299977 2.000000 0.000000
vt 0.649977 2.800000 0.000000
vt -1.650000 2.800000 0.000000
vt 0.650000 2.700000 0.000000
vt -1.650000 -2.800000 0.000000
vt 1.650000 -2.800000 0.000000
vt 1.650000 2.700000 0.000000
vt -0.649977 2.800000 0.000000
vt -0.650000 2.700000 0.000000
vt 1.650000 2.800000 0.000000
vt 1.650000 -2.800000 0.000000
vt -1.650000 -2.800000 0.000000
vt -1.650000 2.700000 0.000000
vn 1.000000 0.000234 -0.000000
vn 1.000000 0.000234 -0.000000
vn 1.000000 0.000234 -0.000000
vn 1.000000 0.000234 -0.000000
vn 0.000000 1.000000 -0.000000
vn 0.000000 1.000000 -0.000000
vn 0.000000 1.000000 -0.000000
vn 0.000000 1.000000 -0.000000
vn 1.000000 -0.000000 0.000000
vn 1.000000 -0.000000 0.000000
vn 1.000000 -0.000000 0.000000
vn 1.000000 -0.000000 0.000000
vn 0.000000 -1.000000 0.000000
vn 0.000000 -1.000000 0.000000
vn 0.000000 -1.000000 0.000000
vn 0.000000 -1.000000 0.000000
vn -1.000000 0.000000 0.000000
vn -1.000000 0.000000 0.000000
vn -1.000000 0.000000 0.000000
vn -1.000000 0.000000 0.000000
vn 0.000000 1.000000 -0.000000
vn 0.000000 1.000000 -0.000000
vn 0.000000 1.000000 -0.000000
vn 0.000000 1.000000 -0.000000
vn 0.000000 0.000000 1.000000
vn 0.000000 0.000000 1.000000
vn 0.000000 0.000000 1.000000
vn 0.000000 0.000000 1.000000
vn 0.000000 0.000000 1.000000
vn 0.000000 0.000000 1.000000
vn 0.000000 -0.000000 -1.000000
vn 0.000000 -0.000000 -1.000000
vn 0.000000 -0.000000 -1.000000
vn 0.000000 -0.000000 -1.000000
vn 0.000000 -0.000000 -1.000000
vn 0.000000 -0.000000 -1.000000
f 268/805/805 269/806/806 271/807/807
f 271/807/807 269/806/806 270/808/808
f 272/809/809 268/810/810 273/811/811
f 273/811/811 268/810/810 271/812/812
f 274/813/813 272/814/814 275/815/815
f 275/815/815 272/814/814 273/816/816
f 276/817/817 274/818/818 277/819/819
f 277/819/819 274/818/818 275/820/820
f 278/821/821 276/822/822 279/823/823
f 279/823/823 276/822/822 277/824/824
f 269/825/825 278/826/826 270/827/827
f 270/827/827 278/826/826 279/828/828
f 270/829/829 279/830/830 271/831/831
f 271/831/831 279/830/830 277/832/832
f 271/831/831 277/832/832 275/833/833
f 275/833/833 273/834/834 271/831/831
f 269/835/835 268/836/836 278/837/837
f 278/837/837 268/836/836 276/838/838
f 276/838/838 268/836/836 274/839/839
f 274/839/839 268/836/836 272/840/840
g Cuerpo18

v 31.500000 6.300000 0.000000
v 29.200000 6.300000 0.000000
v 29.200000 6.300000 2.000000
v 31.500000 6.300000 2.000000
v 31.500000 0.700000 0.000000
v 31.500000 0.700000 2.000000
v 28.200000 0.700000 0.000000
v 28.200000 0.700000 2.000000
v 28.200000 6.200000 0.000000
v 28.200000 6.200000 2.000000
v 29.200000 6.200000 0.000000
v 29.200000 6.200000 2.000000
vt 0.000000 0.000000 0.000000
vt 2.300000 0.000000 0.000000
vt 0.000000 2.000000 0.000000
vt 2.300000 2.000000 0.000000
vt 0.000000 0.000000 0.000000
vt 5.600000 0.000000 0.000000
vt 0.000000 2.000000 0.000000
vt 5.600000 2.000000 0.000000
vt 0.000000 0.000000 0.000000
vt 3.300000 0.000000 0.000000
vt 0.000000 2.000000 0.000000
vt 3.300000 2.000000 0.000000
vt 0.000000 0.000000 0.000000
vt 5.500000 0.000000 0.000000
vt 0.000000 2.000000 0.000000
vt 5.500000 2.000000 0.000000
vt 0.000000 0.000000 0.000000
vt 1.000000 0.000000 0.000000
vt 0.000000 2.000000 0.000000
vt 1.000000 2.000000 0.000000
vt 0.000000 0.000000 0.000000
vt 0.100000 0.000000 0.000000
vt 0.000000 2.000000 0.000000
vt 0.100000 2.000000 0.000000
vt -0.650000 2.800000 0.000000
vt -0.650000 2.700000 0.000000
vt 1.650000 2.800000 0.000000
vt 1.650000 -2.800000 0.000000
vt -1.650000 -2.800000 0.000000
vt -1.650000 2.700000 0.000000
vt 0.650000 2.800000 0.000000
vt -1.650000 2.800000 0.000000
vt 0.650000 2.700000 0.000000
vt -1.650000 -2.800000 0.000000
vt 1.650000 -2.800000 0.000000
vt 1.650000 2.700000 0.000000
vn 0.000000 1.000000 -0.000000
vn 0.000000 1.000000 -0.000000
vn 0.000000 1.000000 -0.000000
vn 0.000000 1.000000 -0.000000
vn 1.000000 0.000000 -0.000000
vn 1.000000 0.000000 -0.000000
vn 1.000000 0.000000 -0.000000
vn 1.000000 0.000000 -0.000000
vn 0.000000 -1.000000 0.000000
vn 0.000000 -1.000000 0.000000
vn 0.000000 -1.000000 0.000000
vn 0.000000 -1.000000 0.000000
vn -1.000000 0.000000 0.000000
vn -1.000000 0.000000 0.000000
vn -1.000000 0.000000 0.000000
vn -1.000000 0.000000 0.000000
vn 0.000000 1.000000 -0.000000
vn 0.000000 1.000000 -0.000000
vn 0.000000 1.000000 -0.000000
vn 0.000000 1.000000 -0.000000
vn -1.000000 0.000000 0.000000
vn -1.000000 0.000000 0.000000
vn -1.000000 0.000000 0.000000
vn -1.000000 0.000000 0.000000
vn 0.000000 0.000000 1.000000
vn 0.000000 0.000000 1.000000
vn 0.000000 0.000000 1.000000
vn 0.000000 0.000000 1.000000
vn 0.000000 0.000000 1.000000
vn 0.000000 0.000000 1.000000
vn -0.000000 0.000000 -1.000000
vn -0.000000 0.000000 -1.000000
vn -0.000000 0.000000 -1.000000
vn -0.000000 0.000000 -1.000000
vn -0.000000 0.000000 -1.000000
vn -0.000000 0.000000 -1.000000
f 280/841/841 281/842/842 283/843/843
f 283/843/843 281/842/842 282/844/844
f 284/845/845 280/846/846 285/847/847
f 285/847/847 280/846/846 283/848/848
f 286/849/849 284/850/850 287/851/851
f 287/851/851 284/850/850 285/852/852
f 288/853/853 286/854/854 289/855/855
f 289/855/855 286/854/854 287/856/856
f 290/857/857 288/858/858 291/859/859
f 291/859/859 288/858/858 289/860/860
f 281/861/861 290/862/862 282/863/863
f 282/863/863 290/862/862 291/864/864
f 282/865/865 291/866/866 283/867/867
f 283/867/867 291/866/866 285/868/868
f 285/868/868 291/866/866 287/869/869
f 287/869/869 291/866/866 289/870/870
f 281/871/871 280/872/872 290/873/873
f 290/873/873 280/872/872 284/874/874
f 290/873/873 284/874/874 286/875/875
f 286/875/875 288/876/876 290/873/873
g Cuerpo19

v 14.000000 14.400000 0.000000
v 10.700000 14.400000 0.000000
v 10.700000 14.400000 2.000000
v 14.000000 14.400000 2.000000
v 14.000000 8.900000 0.000000
v 14.000000 8.900000 2.000000
v 13.000000 8.900000 0.000000
v 13.000000 8.900000 2.000000
v 13.000000 8.800000 0.000000
v 13.000000 8.800000 2.000000
v 10.700000 8.800000 0.000000
v 10.700000 8.800000 2.000000
vt -0.000000 0.000000 0.000000
vt 3.300000 0.000000 0.000000
vt -0.000000 2.000000 0.000000
vt 3.300000 2.000000 0.000000
vt 0.000000 0.000000 0.000000
vt 5.500000 0.000000 0.000000
vt 0.000000 2.000000 0.000000
vt 5.500000 2.000000 0.000000
vt 0.000000 0.000000 0.000000
vt 1.000000 0.000000 0.000000
vt 0.000000 2.000000 0.000000
vt 1.000000 2.000000 0.000000
vt 0.000000 0.000000 0.000000
vt 0.100000 0.000000 0.000000
vt 0.000000 2.000000 0.000000
vt 0.100000 2.000000 0.000000
vt 0.000000 0.000000 0.000000
vt 2.300000 0.000000 0.000000
vt 0.000000 2.000000 0.000000
vt 2.300000 2.000000 0.000000
vt 0.000000 0.000000 0.000000
vt 5.600000 0.000000 0.000000
vt 0.000000 2.000000 0.000000
vt 5.600000 2.000000 0.000000
vt 1.650000 2.800000 0.000000
vt -1.650000 2.800000 0.000000
vt 0.650000 -2.700000 0.000000
vt -1.650000 -2.800000 0.000000
vt 0.650000 -2.800000 0.000000
vt 1.650000 -2.700000 0.000000
vt -0.650000 -2.800000 0.000000
vt 1.650000 -2.800000 0.000000
vt -0.650000 -2.700000 0.000000
vt 1.650000 2.800000 0.000000
vt -1.650000 2.800000 0.000000
vt -1.650000 -2.700000 0.000000
vn 0.000000 1.000000 0.000000
vn 0.000000 1.000000 0.000000
vn 0.000000 1.000000 0.000000
vn 0.000000 1.000000 0.000000
vn 1.000000 -0.000000 0.000000
vn 1.000000 -0.000000 0.000000
vn 1.000000 -0.000000 0.000000
vn 1.000000 -0.000000 0.000000
vn 0.000000 -1.000000 0.000000
vn 0.000000 -1.000000 0.000000
vn 0.000000 -1.000000 0.000000
vn 0.000000 -1.000000 0.000000
vn 1.000000 0.000001 -0.000000
vn 1.000000 0.000001 -0.000000
vn 1.000000 0.000001 -0.000000
vn 1.000000 0.000001 -0.000000
vn 0.000000 -1.000000 0.000000
vn 0.000000 -1.000000 0.000000
vn 0.000000 -1.000000 0.000000
vn 0.000000 -1.000000 0.000000
vn -1.000000 0.000000 0.000000
vn -1.000000 0.000000 0.000000
vn -1.000000 0.000000 0.000000
vn -1.000000 0.000000 0.000000
vn 0.000000 0.000000 1.000000
vn 0.000000 0.000000 1.000000
vn 0.000000 0.000000 1.000000
vn 0.000000 0.000000 1.000000
vn 0.000000 0.000000 1.000000
vn 0.000000 0.000000 1.000000
vn -0.000000 -0.000000 -1.000000
vn -0.000000 -0.000000 -1.000000
vn -0.000000 -0.000000 -1.000000
vn -0.000000 -0.000000 -1.000000
vn -0.000000 -0.000000 -1.000000
vn -0.000000 -0.000000 -1.000000
f 292/877/877 293/878/878 295/879/879
f 295/879/879 293/878/878 294/880/880
f 296/881/881 292/882/882 297/883/883
f 297/883/883 292/882/882 295/884/884
f 298/885/885 296/886/886 299/887/887
f 299/887/887 296/886/886 297/888/888
f 300/889/889 298/890/890 301/891/891
f 301/891/891 298/890/890 299/892/892
f 302/893/893 300/894/894 303/895/895
f 303/895/895 300/894/894 301/896/896
f 293/897/897 302/898/898 294/899/899
f 294/899/899 302/898/898 303/900/900
f 295/901/901 294/902/902 299/903/903
f 299/903/903 294/902/902 303/904/904
f 299/903/903 303/904/904 301/905/905
f 299/903/903 297/906/906 295/901/901
f 300/907/907 302/908/908 298/909/909
f 298/909/909 302/908/908 293/910/910
f 298/909/909 293/910/910 292/911/911
f 292/911/911 296/912/912 298/909/909
g Cuerpo20

v 28.200000 14.400000 0.000000
v 28.200000 8.900000 0.000000
v 28.200000 8.900000 2.000000
v 28.200000 14.400000 2.000000
v 31.500000 14.400000 0.000000
v 31.500000 14.400000 2.000000
v 31.500000 8.800000 0.000000
v 31.500000 8.800000 2.000000
v 29.200000 8.800000 0.000000
v 29.200000 8.800000 2.000000
v 29.200000 8.900000 0.000000
v 29.200000 8.900000 2.000000
vt -0.000000 0.000000 0.000000
vt 5.500000 0.000000 0.000000
vt -0.000000 2.000000 0.000000
vt 5.500000 2.000000 0.000000
vt -0.000000 0.000000 0.000000
vt 3.300000 0.000000 0.000000
vt -0.000000 2.000000 0.000000
vt 3.300000 2.000000 0.000000
vt 0.000000 0.000000 0.000000
vt 5.600000 0.000000 0.000000
vt 0.000000 2.000000 0.000000
vt 5.600000 2.000000 0.000000
vt 0.000000 0.000000 0.000000
vt 2.300000 0.000000 0.000000
vt 0.000000 2.000000 0.000000
vt 2.300000 2.000000 0.000000
vt -0.000000 0.000000 0.000000
vt 0.100000 0.000000 0.000000
vt -0.000000 2.000000 0.000000
vt 0.100000 2.000000 0.000000
vt 0.000000 0.000000 0.000000
vt 1.000000 0.000000 0.000000
vt 0.000000 2.000000 0.000000
vt 1.000000 2.000000 0.000000
vt -1.650000 -2.700000 0.000000
vt -0.650000 -2.700000 0.000000
vt -1.650000 2.800000 0.000000
vt 1.650000 2.800000 0.000000
vt 1.650000 -2.800000 0.000000
vt -0.650000 -2.800000 0.000000
vt 1.650000 -2.700000 0.000000
vt 1.650000 2.800000 0.000000
vt 0.650000 -2.700000 0.000000
vt -1.650000 2.800000 0.000000
vt -1.650000 -2.800000 0.000000
vt 0.650000 -2.800000 0.000000
vn -1.000000 0.000000 0.000000
vn -1.000000 0.000000 0.000000
vn -1.000000 0.000000 0.000000
vn -1.000000 0.000000 0.000000
vn 0.000000 1.000000 0.000000
vn 0.000000 1.000000 0.000000
vn 0.000000 1.000000 0.000000
vn 0.000000 1.000000 0.000000
vn 1.000000 0.000000 -0.000000
vn 1.000000 0.000000 -0.000000
vn 1.000000 0.000000 -0.000000
vn 1.000000 0.000000 -0.000000
vn 0.000000 -1.000000 0.000000
vn 0.000000 -1.000000 0.000000
vn 0.000000 -1.000000 0.000000
vn 0.000000 -1.000000 0.000000
vn -1.000000 0.000000 0.000000
vn -1.000000 0.000000 0.000000
vn -1.000000 0.000000 0.000000
vn -1.000000 0.000000 0.000000
vn 0.000000 -1.000000 0.000000
vn 0.000000 -1.000000 0.000000
vn 0.000000 -1.000000 0.000000
vn 0.000000 -1.000000 0.000000
vn 0.000000 0.000000 1.000000
vn 0.000000 0.000000 1.000000
vn 0.000000 0.000000 1.000000
vn 0.000000 0.000000 1.000000
vn 0.000000 0.000000 1.000000
vn 0.000000 0.000000 1.000000
vn -0.000000 -0.000000 -1.000000
vn -0.000000 -0.000000 -1.000000
vn -0.000000 -0.000000 -1.000000
vn -0.000000 -0.000000 -1.000000
vn -0.000000 -0.000000 -1.000000
vn -0.000000 -0.000000 -1.000000
f 304/913/913 305/914/914 307/915/915
f 307/915/915 305/914/914 306/916/916
f 308/917/917 304/918/918 309/919/919
f 309/919/919 304/918/918 307/920/920
f 310/921/921 308/922/922 311/923/923
f 311/923/923 308/922/922 309/924/924
f 312/925/925 310/926/926 313/927/927
f 313/927/927 310/926/926 311/928/928
f 314/929/929 312/930/930 315/931/931
f 315/931/931 312/930/930 313/932/932
f 305/933/933 314/934/934 306/935/935
f 306/935/935 314/934/934 315/936/936
f 306/937/937 315/938/938 307/939/939
f 307/939/939 315/938/938 309/940/940
f 309/940/940 315/938/938 311/941/941
f 311/941/941 315/938/938 313/942/942
f 305/943/943 304/944/944 314/945/945
f 314/945/945 304/944/944 308/946/946
f 314/945/945 308/946/946 310/947/947
f 310/947/947 312/948/948 314/945/945
g Cuerpo21

v 38.500000 6.300000 0.000000
v 36.200000 6.300000 0.000000
v 36.200000 6.300000 2.000000
v 38.500000 6.300000 2.000000
v 38.500000 0.700000 0.000000
v 38.500000 0.700000 2.000000
v 35.200000 0.700000 0.000000
v 35.200000 0.700000 2.000000
v 35.200000 6.200000 0.000000
v 35.200000 6.200000 2.000000
v 36.200000 6.200000 0.000000
v 36.200000 6.200000 2.000000
vt 0.000000 0.000000 0.000000
vt 2.300000 0.000000 0.000000
vt 0.000000 2.000000 0.000000
vt 2.300000 2.000000 0.000000
vt 0.000000 0.000000 0.000000
vt 5.600000 0.000000 0.000000
vt 0.000000 2.000000 0.000000
vt 5.600000 2.000000 0.000000
vt 0.000000 0.000000 0.000000
vt 3.300000 0.000000 0.000000
vt 0.000000 2.000000 0.000000
vt 3.300000 2.000000 0.000000
vt -0.000000 0.000000 0.000000
vt 5.500000 0.000000 0.000000
vt -0.000000 2.000000 0.000000
vt 5.500000 2.000000 0.000000
vt 0.000000 0.000000 0.000000
vt 1.000000 0.000000 0.000000
vt 0.000000 2.000000 0.000000
vt 1.000000 2.000000 0.000000
vt 0.000000 0.000000 0.000000
vt 0.100000 0.000000 0.000000
vt 0.000000 2.000000 0.000000
vt 0.100000 2.000000 0.000000
vt -0.650000 2.800000 0.000000
vt -0.650000 2.700000 0.000000
vt 1.650000 2.800000 0.000000
vt 1.650000 -2.800000 0.000000
vt -1.650000 -2.800000 0.000000
vt -1.650000 2.700000 0.000000
vt 0.650000 2.800000 0.000000
vt -1.650000 2.800000 0.000000
vt 0.650000 2.700000 0.000000
vt -1.650000 -2.800000 0.000000
vt 1.650000 -2.800000 0.000000
vt 1.650000 2.700000 0.000000
vn 0.000000 1.000000 -0.000000
vn 0.000000 1.000000 -0.000000
vn 0.000000 1.000000 -0.000000
vn 0.000000 1.000000 -0.000000
vn 1.000000 0.000000 -0.000000
vn 1.000000 0.000000 -0.000000
vn 1.000000 0.000000 -0.000000
vn 1.000000 0.000000 -0.000000
vn -0.000000 -1.000000 0.000000
vn -0.000000 -1.000000 0.000000
vn -0.000000 -1.000000 0.000000
vn -0.000000 -1.000000 0.000000
vn -1.000000 0.000000 0.000000
vn -1.000000 0.000000 0.000000
vn -1.000000 0.000000 0.000000
vn -1.000000 0.000000 0.000000
vn 0.000000 1.000000 -0.000000
vn 0.000000 1.000000 -0.000000
vn 0.000000 1.000000 -0.000000
vn 0.000000 1.000000 -0.000000
vn -1.000000 0.000000 0.000000
vn -1.000000 0.000000 0.000000
vn -1.000000 0.000000 0.000000
vn -1.000000 0.000000 0.000000
vn 0.000000 0.000000 1.000000
vn 0.000000 0.000000 1.000000
vn 0.000000 0.000000 1.000000
vn 0.000000 0.000000 1.000000
vn 0.000000 0.000000 1.000000
vn 0.000000 0.000000 1.000000
vn -0.000000 0.000000 -1.000000
vn -0.000000 0.000000 -1.000000
vn -0.000000 0.000000 -1.000000
vn -0.000000 0.000000 -1.000000
vn -0.000000 0.000000 -1.000000
vn -0.000000 0.000000 -1.000000
f 316/949/949 317/950/950 319/951/951
f 319/951/951 317/950/950 318/952/952
f 320/953/953 316/954/954 321/955/955
f 321/955/955 316/954/954 319/956/956
f 322/957/957 320/958/958 323/959/959
f 323/959/959 320/958/958 321/960/960
f 324/961/961 322/962/962 325/963/963
f 325/963/963 322/962/962 323/964/964
f 326/965/965 324/966/966 327/967/967
f 327/967/967 324/966/966 325/968/968
f 317/969/969 326/970/970 318/971/971
f 318/971/971 326/970/970 327/972/972
f 318/973/973 327/974/974 319/975/975
f 319/975/975 327/974/974 321/976/976
f 321/976/976 327/974/974 323/977/977
f 323/977/977 327/974/974 325/978/978
f 317/979/979 316/980/980 326/981/981
f 326/981/981 316/980/980 320/982/982
f 326/981/981 320/982/982 322/983/983
f 322/983/983 324/984/984 326/981/981
g Cuerpo22

v 42.200001 0.700000 0.000000
v 42.200001 4.500000 0.000000
v 42.200001 4.500000 2.000000
v 42.200001 0.700000 2.000000
v 38.700000 0.700000 0.000000
v 38.700000 0.700000 2.000000
v 38.700001 4.500000 0.000000
v 38.700001 4.500000 2.000000
vt 0.000000 0.000000 0.000000
vt 3.800000 0.000000 0.000000
vt 0.000000 2.000000 0.000000
vt 3.800000 2.000000 0.000000
vt 0.000000 0.000000 0.000000
vt 3.500000 0.000000 0.000000
vt 0.000000 2.000000 0.000000
vt 3.500000 2.000000 0.000000
vt 0.000000 0.000000 0.000000
vt 3.800000 0.000000 0.000000
vt 0.000000 2.000000 0.000000
vt 3.800000 2.000000 0.000000
vt 0.000000 0.000000 0.000000
vt 3.500000 0.000000 0.000000
vt 0.000000 2.000000 0.000000
vt 3.500000 2.000000 0.000000
vt 1.750001 1.899999 0.000000
vt -1.749999 1.899999 0.000000
vt 1.750001 -1.900001 0.000000
vt -1.750000 -1.900001 0.000000
vt -1.750001 1.899999 0.000000
vt -1.750001 -1.900001 0.000000
vt 1.749999 1.899999 0.000000
vt 1.750000 -1.900001 0.000000
vn 1.000000 0.000000 -0.000000
vn 1.000000 0.000000 -0.000000
vn 1.000000 0.000000 -0.000000
vn 1.000000 0.000000 -0.000000
vn 0.000000 -1.000000 0.000000
vn 0.000000 -1.000000 0.000000
vn 0.000000 -1.000000 0.000000
vn 0.000000 -1.000000 0.000000
vn -1.000000 0.000000 0.000000
vn -1.000000 0.000000 0.000000
vn -1.000000 0.000000 0.000000
vn -1.000000 0.000000 0.000000
vn 0.000000 1.000000 -0.000000
vn 0.000000 1.000000 -0.000000
vn 0.000000 1.000000 -0.000000
vn 0.000000 1.000000 -0.000000
vn 0.000000 0.000000 1.000000
vn 0.000000 0.000000 1.000000
vn 0.000000 0.000000 1.000000
vn 0.000000 0.000000 1.000000
vn -0.000000 0.000000 -1.000000
vn -0.000000 0.000000 -1.000000
vn -0.000000 0.000000 -1.000000
vn -0.000000 0.000000 -1.000000
f 328/985/985 329/986/986 331/987/987
f 331/987/987 329/986/986 330/988/988
f 332/989/989 328/990/990 333/991/991
f 333/991/991 328/990/990 331/992/992
f 334/993/993 332/994/994 335/995/995
f 335/995/995 332/994/994 333/996/996
f 329/997/997 334/998/998 330/999/999
f 330/999/999 334/998/998 335/1000/1000
f 330/1001/1001 335/1002/1002 331/1003/1003
f 331/1003/1003 335/1002/1002 333/1004/1004
f 329/1005/1005 328/1006/1006 334/1007/1007
f 334/1007/1007 328/1006/1006 332/1008/1008
g Cuerpo23

v 42.400001 4.500000 0.000000
v 42.400001 0.700000 0.000000
v 42.400001 0.700000 2.000000
v 42.400001 4.500000 2.000000
v 42.500001 4.500000 0.000000
v 42.500001 4.500000 2.000000
v 42.500001 5.100000 0.000000
v 42.500001 5.100000 2.000000
v 44.500001 5.100000 0.000000
v 44.500001 5.100000 2.000000
v 44.500001 4.500000 0.000000
v 44.500001 4.500000 2.000000
v 45.900001 4.500000 0.000000
v 45.900001 4.500000 2.000000
v 45.900001 0.700000 0.000000
v 45.900001 0.700000 2.000000
vt -0.000000 0.000000 0.000000
vt 3.800000 0.000000 0.000000
vt -0.000000 2.000000 0.000000
vt 3.800000 2.000000 0.000000
vt -0.000000 0.000000 0.000000
vt 0.100000 0.000000 0.000000
vt -0.000000 2.000000 0.000000
vt 0.100000 2.000000 0.000000
vt -0.000000 0.000000 0.000000
vt 0.600000 0.000000 0.000000
vt -0.000000 2.000000 0.000000
vt 0.600000 2.000000 0.000000
vt -0.000000 0.000000 0.000000
vt 2.000000 0.000000 0.000000
vt -0.000000 2.000000 0.000000
vt 2.000000 2.000000 0.000000
vt 0.000000 0.000000 0.000000
vt 0.600000 0.000000 0.000000
vt 0.000000 2.000000 0.000000
vt 0.600000 2.000000 0.000000
vt 0.000000 0.000000 0.000000
vt 1.400000 0.000000 0.000000
vt 0.000000 2.000000 0.000000
vt 1.400000 2.000000 0.000000
vt 0.000000 0.000000 0.000000
vt 3.800000 0.000000 0.000000
vt 0.000000 2.000000 0.000000
vt 3.800000 2.000000 0.000000
vt 0.000000 0.000000 0.000000
vt 3.500000 0.000000 0.000000
vt 0.000000 2.000000 0.000000
vt 3.500000 2.000000 0.000000
vt 1.750000 -2.200000 0.000000
vt 0.350000 1.600000 0.000000
vt -1.750000 -2.200000 0.000000
vt -1.650000 1.600000 0.000000
vt -1.750000 1.600000 0.000000
vt 1.750000 1.600000 0.000000
vt 0.350000 2.200000 0.000000
vt -1.650000 2.200000 0.000000
vt -1.750000 1.600000 0.000000
vt -1.750000 -2.200000 0.000000
vt -0.350000 1.600000 0.000000
vt 1.750000 -2.200000 0.000000
vt 1.650000 1.600000 0.000000
vt 1.750000 1.600000 0.000000
vt 1.650000 2.200000 0.000000
vt -0.350000 2.200000 0.000000
vn -1.000000 0.000000 0.000000
vn -1.000000 0.000000 0.000000
vn -1.000000 0.000000 0.000000
vn -1.000000 0.000000 0.000000
vn 0.000000 1.000000 0.000000
vn 0.000000 1.000000 0.000000
vn 0.000000 1.000000 0.000000
vn 0.000000 1.000000 0.000000
vn -1.000000 0.000000 0.000000
vn -1.000000 0.000000 0.000000
vn -1.000000 0.000000 0.000000
vn -1.000000 0.000000 0.000000
vn 0.000000 1.000000 0.000000
vn 0.000000 1.000000 0.000000
vn 0.000000 1.000000 0.000000
vn 0.000000 1.000000 0.000000
vn 1.000000 0.000000 0.000000
vn 1.000000 0.000000 0.000000
vn 1.000000 0.000000 0.000000
vn 1.000000 0.000000 0.000000
vn 0.000000 1.000000 -0.000000
vn 0.000000 1.000000 -0.000000
vn 0.000000 1.000000 -0.000000
vn 0.000000 1.000000 -0.000000
vn 1.000000 0.000000 0.000000
vn 1.000000 0.000000 0.000000
vn 1.000000 0.000000 0.000000
vn 1.000000 0.000000 0.000000
vn 0.000000 -1.000000 0.000000
vn 0.000000 -1.000000 0.000000
vn 0.000000 -1.000000 0.000000
vn 0.000000 -1.000000 0.000000
vn 0.000000 0.000000 1.000000
vn 0.000000 0.000000 1.000000
vn 0.000000 0.000000 1.000000
vn 0.000000 0.000000 1.000000
vn 0.000000 0.000000 1.000000
vn 0.000000 0.000000 1.000000
vn 0.000000 0.000000 1.000000
vn 0.000000 0.000000 1.000000
vn -0.000000 0.000000 -1.000000
vn -0.000000 0.000000 -1.000000
vn -0.000000 0.000000 -1.000000
vn -0.000000 0.000000 -1.000000
vn -0.000000 0.000000 -1.000000
vn -0.000000 0.000000 -1.000000
vn -0.000000 0.000000 -1.000000
vn -0.000000 0.000000 -1.000000
f 336/1009/1009 337/1010/1010 339/1011/1011
f 339/1011/1011 337/1010/1010 338/1012/1012
f 340/1013/1013 336/1014/1014 341/1015/1015
f 341/1015/1015 336/1014/1014 339/1016/1016
f 342/1017/1017 340/1018/1018 343/1019/1019
f 343/1019/1019 340/1018/1018 341/1020/1020
f 344/1021/1021 342/1022/1022 345/1023/1023
f 345/1023/1023 342/1022/1022 343/1024/1024
f 346/1025/1025 344/1026/1026 347/1027/1027
f 347/1027/1027 344/1026/1026 345/1028/1028
f 348/1029/1029 346/1030/1030 349/1031/1031
f 349/1031/1031 346/1030/1030 347/1032/1032
f 350/1033/1033 348/1034/1034 351/1035/1035
f 351/1035/1035 348/1034/1034 349/1036/1036
f 337/1037/1037 350/1038/1038 338/1039/1039
f 338/1039/1039 350/1038/1038 351/1040/1040
f 351/1041/1041 347/1042/1042 338/1043/1043
f 338/1043/1043 347/1042/1042 341/1044/1044
f 338/1043/1043 341/1044/1044 339/1045/1045
f 351/1041/1041 349/1046/1046 347/1042/1042
f 345/1047/1047 343/1048/1048 347/1042/1042
f 347/1042/1042 343/1048/1048 341/1044/1044
f 348/1049/1049 350/1050/1050 346/1051/1051
f 346/1051/1051 350/1050/1050 337/1052/1052
f 346/1051/1051 337/1052/1052 340/1053/1053
f 340/1053/1053 337/1052/1052 336/1054/1054
f 340/1053/1053 342/1055/1055 346/1051/1051
f 346/1051/1051 342/1055/1055 344/1056/1056
g Cuerpo24

v 44.798252 14.600000 0.000000
v 45.898252 14.600000 1.100000
v 45.898252 13.500000 1.100000
v 44.798252 13.500000 0.000000
v 45.898252 13.500000 1.200000
v 45.473252 13.500000 1.200000
v 45.473252 13.500000 1.000000
v 45.073252 13.500000 1.000000
v 45.073252 13.500000 0.800000
v 44.673252 13.500000 0.800000
v 44.673252 13.500000 0.600000
v 44.250000 13.500000 0.600000
v 44.250000 13.500000 0.400000
v 43.800001 13.500000 0.400000
v 43.800001 13.500000 0.200000
v 43.400001 13.500000 0.200000
v 43.400001 13.500000 0.000000
v 45.898252 14.600000 1.200000
v 43.400001 14.600000 0.000000
v 45.473252 14.600000 1.200000
v 45.073252 14.600000 0.800000
v 45.073252 14.600000 1.000000
v 45.473252 14.600000 1.000000
v 44.673252 14.600000 0.600000
v 44.673252 14.600000 0.800000
v 44.250000 14.600000 0.400000
v 44.250000 14.600000 0.600000
v 43.800001 14.600000 0.200000
v 43.800001 14.600000 0.400000
v 43.400001 14.600000 0.200000
vt 0.777817 0.825000 0.000000
vt -0.777817 0.825000 0.000000
vt 0.777817 -0.275000 0.000000
vt -0.777817 -0.275000 0.000000
vt 0.425000 1.100000 0.000000
vt 0.000000 1.000000 0.000000
vt -0.675000 0.000000 0.000000
vt -0.400000 0.800000 0.000000
vt -0.800000 0.600000 0.000000
vt -0.800000 0.800000 0.000000
vt 0.425000 1.200000 0.000000
vt 0.000000 1.200000 0.000000
vt -0.400000 1.000000 0.000000
vt -1.223252 0.600000 0.000000
vt -1.223252 0.400000 0.000000
vt -1.673252 0.400000 0.000000
vt -1.673252 0.200000 0.000000
vt -2.073252 0.200000 0.000000
vt -2.073252 0.000000 0.000000
vt 0.000000 1.100000 0.000000
vt 1.100000 1.100000 0.000000
vt 0.000000 1.200000 0.000000
vt 1.100000 1.200000 0.000000
vt 0.887500 -0.550000 0.000000
vt 2.285752 -0.550000 0.000000
vt 0.887500 0.550000 0.000000
vt 2.285752 0.550000 0.000000
vt -0.212500 -0.550000 0.000000
vt 0.212500 -0.550000 0.000000
vt -0.212500 0.550000 0.000000
vt 0.212500 0.550000 0.000000
vt -0.000000 0.800000 0.000000
vt 1.100000 0.800000 0.000000
vt -0.000000 1.000000 0.000000
vt 1.100000 1.000000 0.000000
vt 1.100000 1.200000 0.000000
vt -0.000000 1.200000 0.000000
vt 1.100000 1.000000 0.000000
vt -0.000000 1.000000 0.000000
vt -0.000000 0.600000 0.000000
vt 1.100000 0.600000 0.000000
vt -0.000000 0.800000 0.000000
vt 1.100000 0.800000 0.000000
vt -0.200000 -0.550000 0.000000
vt 0.200000 -0.550000 0.000000
vt -0.200000 0.550000 0.000000
vt 0.200000 0.550000 0.000000
vt -0.000000 0.400000 0.000000
vt 1.100000 0.400000 0.000000
vt -0.000000 0.600000 0.000000
vt 1.100000 0.600000 0.000000
vt -0.211626 -0.550000 0.000000
vt 0.211626 -0.550000 0.000000
vt -0.211626 0.550000 0.000000
vt 0.211626 0.550000 0.000000
vt -0.000000 0.200000 0.000000
vt 1.100000 0.200000 0.000000
vt -0.000000 0.400000 0.000000
vt 1.100000 0.400000 0.000000
vt 0.225000 -0.550000 0.000000
vt 0.225000 0.550000 0.000000
vt -0.225000 -0.550000 0.000000
vt -0.225000 0.550000 0.000000
vt -0.000000 0.000000 0.000000
vt 1.100000 0.000000 0.000000
vt -0.000000 0.200000 0.000000
vt 1.100000 0.200000 0.000000
vt -0.998252 0.000000 0.000000
vt -1.673252 1.000000 0.000000
vt -2.098252 1.100000 0.000000
vt -1.673252 1.200000 0.000000
vt -2.098252 1.200000 0.000000
vt 0.400000 0.000000 0.000000
vt -0.000000 0.200000 0.000000
vt -0.449999 0.400000 0.000000
vt -0.873252 0.600000 0.000000
vt -0.449999 0.600000 0.000000
vt 0.400000 0.200000 0.000000
vt -0.000000 0.400000 0.000000
vt -0.873252 0.800000 0.000000
vt -1.273252 0.800000 0.000000
vt -1.273252 1.000000 0.000000
vt -0.200000 -0.550000 0.000000
vt 0.200000 -0.550000 0.000000
vt -0.200000 0.550000 0.000000
vt 0.200000 0.550000 0.000000
vt 0.623252 2.450000 0.000000
vt 1.023252 2.450000 0.000000
vt 0.623252 3.550000 0.000000
vt 1.023252 3.550000 0.000000
vn 0.707107 0.000000 -0.707107
vn 0.707107 0.000000 -0.707107
vn 0.707107 0.000000 -0.707107
vn 0.707107 0.000000 -0.707107
vn 0.000000 -1.000000 0.000000
vn 0.000000 -1.000000 0.000000
vn 0.000000 -1.000000 0.000000
vn 0.000000 -1.000000 0.000000
vn 0.000000 -1.000000 0.000000
vn 0.000000 -1.000000 0.000000
vn 0.000000 -1.000000 0.000000
vn 0.000000 -1.000000 0.000000
vn 0.000000 -1.000000 0.000000
vn 0.000000 -1.000000 0.000000
vn 0.000000 -1.000000 0.000000
vn 0.000000 -1.000000 0.000000
vn 0.000000 -1.000000 0.000000
vn 0.000000 -1.000000 0.000000
vn 0.000000 -1.000000 0.000000
vn 1.000000 0.000000 0.000000
vn 1.000000 0.000000 0.000000
vn 1.000000 0.000000 0.000000
vn 1.000000 0.000000 0.000000
vn -0.000000 -0.000000 -1.000000
vn -0.000000 -0.000000 -1.000000
vn -0.000000 -0.000000 -1.000000
vn -0.000000 -0.000000 -1.000000
vn -0.000000 -0.000000 1.000000
vn -0.000000 -0.000000 1.000000
vn -0.000000 -0.000000 1.000000
vn -0.000000 -0.000000 1.000000
vn -1.000000 0.000000 0.000000
vn -1.000000 0.000000 0.000000
vn -1.000000 0.000000 0.000000
vn -1.000000 0.000000 0.000000
vn -1.000000 0.000000 0.000000
vn -1.000000 0.000000 0.000000
vn -1.000000 0.000000 0.000000
vn -1.000000 0.000000 0.000000
vn -1.000000 0.000000 0.000000
vn -1.000000 0.000000 0.000000
vn -1.000000 0.000000 0.000000
vn -1.000000 0.000000 0.000000
vn 0.000000 0.000000 1.000000
vn 0.000000 0.000000 1.000000
vn 0.000000 0.000000 1.000000
vn 0.000000 0.000000 1.000000
vn -1.000000 0.000000 0.000000
vn -1.000000 0.000000 0.000000
vn -1.000000 0.000000 0.000000
vn -1.000000 0.000000 0.000000
vn 0.000000 0.000000 1.000000
vn 0.000000 0.000000 1.000000
vn 0.000000 0.000000 1.000000
vn 0.000000 0.000000 1.000000
vn -1.000000 0.000000 0.000000
vn -1.000000 0.000000 0.000000
vn -1.000000 0.000000 0.000000
vn -1.000000 0.000000 0.000000
vn 0.000000 0.000000 1.000000
vn 0.000000 0.000000 1.000000
vn 0.000000 0.000000 1.000000
vn 0.000000 0.000000 1.000000
vn -1.000000 0.000000 0.000000
vn -1.000000 0.000000 0.000000
vn -1.000000 0.000000 0.000000
vn -1.000000 0.000000 0.000000
vn 0.000000 1.000000 0.000000
vn 0.000000 1.000000 0.000000
vn 0.000000 1.000000 0.000000
vn 0.000000 1.000000 0.000000
vn 0.000000 1.000000 0.000000
vn 0.000000 1.000000 0.000000
vn 0.000000 1.000000 0.000000
vn 0.000000 1.000000 0.000000
vn 0.000000 1.000000 0.000000
vn 0.000000 1.000000 0.000000
vn 0.000000 1.000000 0.000000
vn 0.000000 1.000000 0.000000
vn 0.000000 1.000000 0.000000
vn 0.000000 1.000000 0.000000
vn 0.000000 1.000000 0.000000
vn 0.000000 0.000000 1.000000
vn 0.000000 0.000000 1.000000
vn 0.000000 0.000000 1.000000
vn 0.000000 0.000000 1.000000
vn 0.000000 0.000000 1.000000
vn 0.000000 0.000000 1.000000
vn 0.000000 0.000000 1.000000
vn 0.000000 0.000000 1.000000
f 352/1057/1057 353/1058/1058 355/1059/1059
f 355/1059/1059 353/1058/1058 354/1060/1060
f 354/1061/1061 358/1062/1062 355/1063/1063
f 355/1063/1063 358/1062/1062 360/1064/1064
f 355/1063/1063 360/1064/1064 362/1065/1065
f 362/1065/1065 360/1064/1064 361/1066/1066
f 356/1067/1067 357/1068/1068 354/1061/1061
f 354/1061/1061 357/1068/1068 358/1062/1062
f 358/1062/1062 359/1069/1069 360/1064/1064
f 363/1070/1070 364/1071/1071 362/1065/1065
f 362/1065/1065 364/1071/1071 355/1063/1063
f 365/1072/1072 366/1073/1073 364/1071/1071
f 364/1071/1071 366/1073/1073 355/1063/1063
f 367/1074/1074 368/1075/1075 366/1073/1073
f 366/1073/1073 368/1075/1075 355/1063/1063
f 354/1076/1076 353/1077/1077 356/1078/1078
f 356/1078/1078 353/1077/1077 369/1079/1079
f 355/1080/1080 368/1081/1081 352/1082/1082
f 352/1082/1082 368/1081/1081 370/1083/1083
f 357/1084/1084 356/1085/1085 371/1086/1086
f 371/1086/1086 356/1085/1085 369/1087/1087
f 372/1088/1088 360/1089/1089 373/1090/1090
f 373/1090/1090 360/1089/1089 359/1091/1091
f 357/1092/1092 371/1093/1093 358/1094/1094
f 358/1094/1094 371/1093/1093 374/1095/1095
f 375/1096/1096 362/1097/1097 376/1098/1098
f 376/1098/1098 362/1097/1097 361/1099/1099
f 361/1100/1100 360/1101/1101 376/1102/1102
f 376/1102/1102 360/1101/1101 372/1103/1103
f 377/1104/1104 364/1105/1105 378/1106/1106
f 378/1106/1106 364/1105/1105 363/1107/1107
f 363/1108/1108 362/1109/1109 378/1110/1110
f 378/1110/1110 362/1109/1109 375/1111/1111
f 379/1112/1112 366/1113/1113 380/1114/1114
f 380/1114/1114 366/1113/1113 365/1115/1115
f 364/1116/1116 377/1117/1117 365/1118/1118
f 365/1118/1118 377/1117/1117 380/1119/1119
f 370/1120/1120 368/1121/1121 381/1122/1122
f 381/1122/1122 368/1121/1121 367/1123/1123
f 352/1124/1124 374/1125/1125 353/1126/1126
f 353/1126/1126 374/1125/1125 371/1127/1127
f 353/1126/1126 371/1127/1127 369/1128/1128
f 370/1129/1129 379/1130/1130 352/1124/1124
f 352/1124/1124 379/1130/1130 377/1131/1131
f 352/1124/1124 377/1131/1131 375/1132/1132
f 375/1132/1132 377/1131/1131 378/1133/1133
f 370/1129/1129 381/1134/1134 379/1130/1130
f 379/1130/1130 380/1135/1135 377/1131/1131
f 376/1136/1136 372/1137/1137 375/1132/1132
f 375/1132/1132 372/1137/1137 352/1124/1124
f 373/1138/1138 374/1125/1125 372/1137/1137
f 372/1137/1137 374/1125/1125 352/1124/1124
f 367/1139/1139 366/1140/1140 381/1141/1141
f 381/1141/1141 366/1140/1140 379/1142/1142
f 359/1143/1143 358/1144/1144 373/1145/1145
f 373/1145/1145 358/1144/1144 374/1146/1146
g Cuerpo25

v 44.500000 6.500000 0.000000
v 44.500000 6.300000 0.000000
v 44.500000 6.300000 2.000000
v 44.500000 6.500000 2.000000
v 45.900001 6.500000 0.000000
v 45.900001 6.500000 2.000000
v 45.900001 6.300000 0.000000
v 45.900001 6.300000 2.000000
vt 0.000000 0.000000 0.000000
vt 0.200000 0.000000 0.000000
vt 0.000000 2.000000 0.000000
vt 0.200000 2.000000 0.000000
vt 0.000000 0.000000 0.000000
vt 1.400001 0.000000 0.000000
vt 0.000000 2.000000 0.000000
vt 1.400001 2.000000 0.000000
vt 0.000000 0.000000 0.000000
vt 0.200000 0.000000 0.000000
vt 0.000000 2.000000 0.000000
vt 0.200000 2.000000 0.000000
vt 0.000000 0.000000 0.000000
vt 1.400001 0.000000 0.000000
vt 0.000000 2.000000 0.000000
vt 1.400001 2.000000 0.000000
vt -0.700000 -0.100000 0.000000
vt 0.700000 -0.100000 0.000000
vt -0.700000 0.100000 0.000000
vt 0.700000 0.100000 0.000000
vt -0.700000 -0.100000 0.000000
vt 0.700000 -0.100000 0.000000
vt -0.700000 0.100000 0.000000
vt 0.700000 0.100000 0.000000
vn -1.000000 0.000000 0.000000
vn -1.000000 0.000000 0.000000
vn -1.000000 0.000000 0.000000
vn -1.000000 0.000000 0.000000
vn 0.000000 1.000000 -0.000000
vn 0.000000 1.000000 -0.000000
vn 0.000000 1.000000 -0.000000
vn 0.000000 1.000000 -0.000000
vn 1.000000 0.000000 0.000000
vn 1.000000 0.000000 0.000000
vn 1.000000 0.000000 0.000000
vn 1.000000 0.000000 0.000000
vn 0.000000 -1.000000 0.000000
vn 0.000000 -1.000000 0.000000
vn 0.000000 -1.000000 0.000000
vn 0.000000 -1.000000 0.000000
vn 0.000000 0.000000 1.000000
vn 0.000000 0.000000 1.000000
vn 0.000000 0.000000 1.000000
vn 0.000000 0.000000 1.000000
vn -0.000000 -0.000000 -1.000000
vn -0.000000 -0.000000 -1.000000
vn -0.000000 -0.000000 -1.000000
vn -0.000000 -0.000000 -1.000000
f 382/1147/1147 383/1148/1148 385/1149/1149
f 385/1149/1149 383/1148/1148 384/1150/1150
f 386/1151/1151 382/1152/1152 387/1153/1153
f 387/1153/1153 382/1152/1152 385/1154/1154
f 388/1155/1155 386/1156/1156 389/1157/1157
f 389/1157/1157 386/1156/1156 387/1158/1158
f 383/1159/1159 388/1160/1160 384/1161/1161
f 384/1161/1161 388/1160/1160 389/1162/1162
f 384/1163/1163 389/1164/1164 385/1165/1165
f 385/1165/1165 389/1164/1164 387/1166/1166
f 388/1167/1167 383/1168/1168 386/1169/1169
f 386/1169/1169 383/1168/1168 382/1170/1170
g Cuerpo28

v 2.300000 8.900000 0.000000
v 2.300000 10.896459 0.000000
v 2.300000 10.896459 2.000000
v 2.300000 8.900000 2.000000
v 1.500000 8.900000 0.000000
v 1.500000 8.900000 2.000000
v 1.499987 9.100000 0.000000
v 1.499987 9.100000 2.000000
v 2.099987 9.100038 0.000000
v 2.099987 9.100038 2.000000
v 2.099886 10.700038 0.000000
v 2.099886 10.700038 2.000000
v 0.499886 10.699936 0.000000
v 0.499886 10.699936 2.000000
v 0.496283 9.104118 0.000000
v 0.496283 9.104118 2.000000
v 1.101746 9.104887 0.000000
v 1.101746 9.104887 2.000000
v 1.102012 8.895567 0.000000
v 1.102012 8.895567 2.000000
v 0.302012 8.894551 0.000000
v 0.302012 8.894551 2.000000
v 0.299474 10.893920 0.000000
v 0.299474 10.893920 2.000000
vt 0.000000 0.000000 0.000000
vt 1.996459 0.000000 0.000000
vt 0.000000 2.000000 0.000000
vt 1.996459 2.000000 0.000000
vt 0.000000 0.000000 0.000000
vt 0.800000 0.000000 0.000000
vt 0.000000 2.000000 0.000000
vt 0.800000 2.000000 0.000000
vt 0.000000 0.000000 0.000000
vt 0.200000 0.000000 0.000000
vt 0.000000 2.000000 0.000000
vt 0.200000 2.000000 0.000000
vt -0.000000 0.000000 0.000000
vt 0.600000 0.000000 0.000000
vt -0.000000 2.000000 0.000000
vt 0.600000 2.000000 0.000000
vt 0.000000 0.000000 0.000000
vt 1.600000 0.000000 0.000000
vt 0.000000 2.000000 0.000000
vt 1.600000 2.000000 0.000000
vt -0.000000 0.000000 0.000000
vt 1.600000 0.000000 0.000000
vt -0.000000 2.000000 0.000000
vt 1.600000 2.000000 0.000000
vt 0.000000 0.000000 0.000000
vt 1.595822 0.000000 0.000000
vt 0.000000 2.000000 0.000000
vt 1.595822 2.000000 0.000000
vt 0.000000 0.000000 0.000000
vt 0.605464 0.000000 0.000000
vt 0.000000 2.000000 0.000000
vt 0.605464 2.000000 0.000000
vt 0.000000 0.000000 0.000000
vt 0.209320 0.000000 0.000000
vt 0.000000 2.000000 0.000000
vt 0.209320 2.000000 0.000000
vt 0.000000 0.000000 0.000000
vt 0.800000 0.000000 0.000000
vt 0.000000 2.000000 0.000000
vt 0.800000 2.000000 0.000000
vt 0.000000 0.000000 0.000000
vt 1.999370 0.000000 0.000000
vt 0.000000 2.000000 0.000000
vt 1.999370 2.000000 0.000000
vt 0.000000 0.000000 0.000000
vt 2.000527 0.000000 0.000000
vt 0.000000 2.000000 0.000000
vt 2.000527 2.000000 0.000000
vt -1.000263 0.998414 0.000000
vt -0.799852 0.804431 0.000000
vt 1.000263 1.000954 0.000000
vt 0.800148 0.804533 0.000000
vt 0.800250 -0.795467 0.000000
vt -0.803454 -0.791387 0.000000
vt -0.997725 -1.000954 0.000000
vt -0.197726 -0.999938 0.000000
vt -0.197991 -0.790618 0.000000
vt 0.200250 -0.795505 0.000000
vt 0.200263 -0.995505 0.000000
vt 1.000263 -0.995505 0.000000
vt -1.000263 1.000954 0.000000
vt 0.799852 0.804431 0.000000
vt 1.000263 0.998414 0.000000
vt 0.803454 -0.791387 0.000000
vt 0.997725 -1.000954 0.000000
vt 0.197726 -0.999938 0.000000
vt 0.197991 -0.790618 0.000000
vt -1.000263 -0.995505 0.000000
vt -0.800250 -0.795467 0.000000
vt -0.800148 0.804533 0.000000
vt -0.200263 -0.995505 0.000000
vt -0.200250 -0.795505 0.000000
vn 1.000000 0.000000 -0.000000
vn 1.000000 0.000000 -0.000000
vn 1.000000 0.000000 -0.000000
vn 1.000000 0.000000 -0.000000
vn 0.000000 -1.000000 0.000000
vn 0.000000 -1.000000 0.000000
vn 0.000000 -1.000000 0.000000
vn 0.000000 -1.000000 0.000000
vn -1.000000 -0.000064 0.000000
vn -1.000000 -0.000064 0.000000
vn -1.000000 -0.000064 0.000000
vn -1.000000 -0.000064 0.000000
vn -0.000064 1.000000 0.000000
vn -0.000064 1.000000 0.000000
vn -0.000064 1.000000 0.000000
vn -0.000064 1.000000 0.000000
vn -1.000000 -0.000064 0.000000
vn -1.000000 -0.000064 0.000000
vn -1.000000 -0.000064 0.000000
vn -1.000000 -0.000064 0.000000
vn 0.000064 -1.000000 0.000000
vn 0.000064 -1.000000 0.000000
vn 0.000064 -1.000000 0.000000
vn 0.000064 -1.000000 0.000000
vn 0.999997 -0.002258 0.000000
vn 0.999997 -0.002258 0.000000
vn 0.999997 -0.002258 0.000000
vn 0.999997 -0.002258 0.000000
vn -0.001269 0.999999 0.000000
vn -0.001269 0.999999 0.000000
vn -0.001269 0.999999 0.000000
vn -0.001269 0.999999 0.000000
vn 0.999999 0.001269 -0.000000
vn 0.999999 0.001269 -0.000000
vn 0.999999 0.001269 -0.000000
vn 0.999999 0.001269 -0.000000
vn 0.001269 -0.999999 0.000000
vn 0.001269 -0.999999 0.000000
vn 0.001269 -0.999999 0.000000
vn 0.001269 -0.999999 0.000000
vn -0.999999 -0.001269 0.000000
vn -0.999999 -0.001269 0.000000
vn -0.999999 -0.001269 0.000000
vn -0.999999 -0.001269 0.000000
vn -0.001269 0.999999 0.000000
vn -0.001269 0.999999 0.000000
vn -0.001269 0.999999 0.000000
vn -0.001269 0.999999 0.000000
vn 0.000000 0.000000 1.000000
vn 0.000000 0.000000 1.000000
vn 0.000000 0.000000 1.000000
vn 0.000000 0.000000 1.000000
vn 0.000000 0.000000 1.000000
vn 0.000000 0.000000 1.000000
vn 0.000000 0.000000 1.000000
vn 0.000000 0.000000 1.000000
vn 0.000000 0.000000 1.000000
vn 0.000000 0.000000 1.000000
vn 0.000000 0.000000 1.000000
vn 0.000000 0.000000 1.000000
vn -0.000000 0.000000 -1.000000
vn -0.000000 0.000000 -1.000000
vn -0.000000 0.000000 -1.000000
vn -0.000000 0.000000 -1.000000
vn -0.000000 0.000000 -1.000000
vn -0.000000 0.000000 -1.000000
vn -0.000000 0.000000 -1.000000
vn -0.000000 0.000000 -1.000000
vn -0.000000 0.000000 -1.000000
vn -0.000000 0.000000 -1.000000
vn -0.000000 0.000000 -1.000000
vn -0.000000 0.000000 -1.000000
f 390/1171/1171 391/1172/1172 393/1173/1173
f 393/1173/1173 391/1172/1172 392/1174/1174
f 394/1175/1175 390/1176/1176 395/1177/1177
f 395/1177/1177 390/1176/1176 393/1178/1178
f 396/1179/1179 394/1180/1180 397/1181/1181
f 397/1181/1181 394/1180/1180 395/1182/1182
f 398/1183/1183 396/1184/1184 399/1185/1185
f 399/1185/1185 396/1184/1184 397/1186/1186
f 400/1187/1187 398/1188/1188 401/1189/1189
f 401/1189/1189 398/1188/1188 399/1190/1190
f 402/1191/1191 400/1192/1192 403/1193/1193
f 403/1193/1193 400/1192/1192 401/1194/1194
f 404/1195/1195 402/1196/1196 405/1197/1197
f 405/1197/1197 402/1196/1196 403/1198/1198
f 406/1199/1199 404/1200/1200 407/1201/1201
f 407/1201/1201 404/1200/1200 405/1202/1202
f 408/1203/1203 406/1204/1204 409/1205/1205
f 409/1205/1205 406/1204/1204 407/1206/1206
f 410/1207/1207 408/1208/1208 411/1209/1209
f 411/1209/1209 408/1208/1208 409/1210/1210
f 412/1211/1211 410/1212/1212 413/1213/1213
f 413/1213/1213 410/1212/1212 411/1214/1214
f 391/1215/1215 412/1216/1216 392/1217/1217
f 392/1217/1217 412/1216/1216 413/1218/1218
f 413/1219/1219 403/1220/1220 392/1221/1221
f 392/1221/1221 403/1220/1220 401/1222/1222
f 392/1221/1221 401/1222/1222 399/1223/1223
f 403/1220/1220 413/1219/1219 405/1224/1224
f 405/1224/1224 413/1219/1219 411/1225/1225
f 405/1224/1224 411/1225/1225 409/1226/1226
f 409/1226/1226 407/1227/1227 405/1224/1224
f 397/1228/1228 395/1229/1229 399/1223/1223
f 399/1223/1223 395/1229/1229 393/1230/1230
f 399/1223/1223 393/1230/1230 392/1221/1221
f 391/1231/1231 402/1232/1232 412/1233/1233
f 412/1233/1233 402/1232/1232 404/1234/1234
f 412/1233/1233 404/1234/1234 410/1235/1235
f 410/1235/1235 404/1234/1234 408/1236/1236
f 408/1236/1236 404/1234/1234 406/1237/1237
f 390/1238/1238 398/1239/1239 391/1231/1231
f 391/1231/1231 398/1239/1239 400/1240/1240
f 391/1231/1231 400/1240/1240 402/1232/1232
f 390/1238/1238 394/1241/1241 398/1239/1239
f 398/1239/1239 394/1241/1241 396/1242/1242
g Cuerpo29

v 41.300001 13.350000 0.000000
v 40.500001 13.350000 -0.800000
v 40.500001 13.500000 -0.800000
v 41.300001 13.500000 0.000000
v 38.700001 13.350000 -0.800000
v 38.700001 13.500000 -0.800000
v 38.700001 13.350000 0.000000
v 41.300001 13.346544 1.000000
v 41.300001 13.346544 0.000000
v 41.300001 8.600000 0.000000
v 41.300001 8.600000 1.000000
v 41.500000 8.600000 0.000000
v 41.500000 13.500000 0.000000
v 41.500000 13.500000 1.000000
v 41.500000 8.600000 1.000000
v 38.700001 13.500000 0.000000
v 38.700001 13.346544 0.000000
v 39.700001 13.500000 1.000000
v 39.700001 13.346544 1.000000
vt -0.565685 0.837500 0.000000
vt 0.565685 0.837500 0.000000
vt -0.565685 0.987500 0.000000
vt 0.565685 0.987500 0.000000
vt -0.500000 -0.075000 0.000000
vt 1.300000 -0.075000 0.000000
vt -0.500000 0.075000 0.000000
vt 1.300000 0.075000 0.000000
vt -0.000000 0.000000 0.000000
vt 2.600000 0.000000 0.000000
vt 0.800000 0.800000 0.000000
vt 2.600000 0.800000 0.000000
vt -0.000000 0.000000 0.000000
vt 4.746544 0.000000 0.000000
vt -0.000000 1.000000 0.000000
vt 4.746544 1.000000 0.000000
vt 0.000000 0.000000 0.000000
vt 4.900000 0.000000 0.000000
vt 0.000000 1.000000 0.000000
vt 4.900000 1.000000 0.000000
vt 0.000000 0.000000 0.000000
vt 0.199999 0.000000 0.000000
vt 0.000000 1.000000 0.000000
vt 0.199999 1.000000 0.000000
vt 0.000000 0.000000 0.000000
vt 0.150000 0.000000 0.000000
vt 0.000000 0.800000 0.000000
vt 0.150000 0.800000 0.000000
vt 1.400000 2.300000 0.000000
vt -1.200000 2.300000 0.000000
vt 1.400000 2.296544 0.000000
vt -1.200000 2.296544 0.000000
vt -1.400000 2.450000 0.000000
vt -1.400000 -2.450000 0.000000
vt -1.200000 2.450000 0.000000
vt -1.200000 -2.450000 0.000000
vt 0.999999 -0.800000 0.000000
vt 2.799999 0.000000 0.000000
vt 0.199999 0.000000 0.000000
vt 1.799999 1.000000 0.000000
vt 0.000000 1.000000 0.000000
vt 2.799999 -0.800000 0.000000
vt 0.000000 0.000000 0.000000
vt 0.000000 0.000000 0.000000
vt 2.600000 0.000000 0.000000
vt 1.000000 1.000000 0.000000
vt 2.600000 1.000000 0.000000
vt -0.707107 1.071544 0.000000
vt 0.707107 1.071544 0.000000
vt -0.707107 1.075000 0.000000
vt 0.707107 1.225000 0.000000
vt -0.707107 1.225000 0.000000
vt 1.400000 -2.450000 0.000000
vt 1.400000 2.450000 0.000000
vt 1.200000 2.296544 0.000000
vt -0.400000 2.450000 0.000000
vt -0.400000 2.296544 0.000000
vt 1.200000 -2.450000 0.000000
vn 0.707107 0.000000 -0.707107
vn 0.707107 0.000000 -0.707107
vn 0.707107 0.000000 -0.707107
vn 0.707107 0.000000 -0.707107
vn 0.000000 0.000000 -1.000000
vn 0.000000 0.000000 -1.000000
vn 0.000000 0.000000 -1.000000
vn 0.000000 0.000000 -1.000000
vn 0.000000 -1.000000 0.000000
vn 0.000000 -1.000000 0.000000
vn 0.000000 -1.000000 0.000000
vn 0.000000 -1.000000 0.000000
vn -1.000000 0.000000 0.000000
vn -1.000000 0.000000 0.000000
vn -1.000000 0.000000 0.000000
vn -1.000000 0.000000 0.000000
vn 1.000000 0.000000 -0.000000
vn 1.000000 0.000000 -0.000000
vn 1.000000 0.000000 -0.000000
vn 1.000000 0.000000 -0.000000
vn 0.000000 -1.000000 0.000000
vn 0.000000 -1.000000 0.000000
vn 0.000000 -1.000000 0.000000
vn 0.000000 -1.000000 0.000000
vn -1.000000 0.000000 0.000000
vn -1.000000 0.000000 0.000000
vn -1.000000 0.000000 0.000000
vn -1.000000 0.000000 0.000000
vn -0.000000 -0.000000 -1.000000
vn -0.000000 -0.000000 -1.000000
vn -0.000000 -0.000000 -1.000000
vn -0.000000 -0.000000 -1.000000
vn -0.000000 -0.000000 -1.000000
vn -0.000000 -0.000000 -1.000000
vn -0.000000 -0.000000 -1.000000
vn -0.000000 -0.000000 -1.000000
vn 0.000000 1.000000 -0.000000
vn 0.000000 1.000000 -0.000000
vn 0.000000 1.000000 -0.000000
vn 0.000000 1.000000 -0.000000
vn 0.000000 1.000000 -0.000000
vn 0.000000 1.000000 -0.000000
vn 0.000000 1.000000 -0.000000
vn 0.000000 -1.000000 0.000000
vn 0.000000 -1.000000 0.000000
vn 0.000000 -1.000000 0.000000
vn 0.000000 -1.000000 0.000000
vn -0.707107 0.000000 0.707107
vn -0.707107 0.000000 0.707107
vn -0.707107 0.000000 0.707107
vn -0.707107 0.000000 0.707107
vn -0.707107 0.000000 0.707107
vn 0.000000 0.000000 1.000000
vn 0.000000 0.000000 1.000000
vn 0.000000 0.000000 1.000000
vn 0.000000 0.000000 1.000000
vn 0.000000 0.000000 1.000000
vn 0.000000 0.000000 1.000000
f 414/1243/1243 415/1244/1244 417/1245/1245
f 417/1245/1245 415/1244/1244 416/1246/1246
f 415/1247/1247 418/1248/1248 416/1249/1249
f 416/1249/1249 418/1248/1248 419/1250/1250
f 414/1251/1251 420/1252/1252 415/1253/1253
f 415/1253/1253 420/1252/1252 418/1254/1254
f 422/1255/1255 423/1256/1256 421/1257/1257
f 421/1257/1257 423/1256/1256 424/1258/1258
f 425/1259/1259 426/1260/1260 428/1261/1261
f 428/1261/1261 426/1260/1260 427/1262/1262
f 423/1263/1263 425/1264/1264 424/1265/1265
f 424/1265/1265 425/1264/1264 428/1266/1266
f 420/1267/1267 429/1268/1268 418/1269/1269
f 418/1269/1269 429/1268/1268 419/1270/1270
f 420/1271/1271 414/1272/1272 430/1273/1273
f 430/1273/1273 414/1272/1272 422/1274/1274
f 422/1274/1274 414/1272/1272 426/1275/1275
f 422/1274/1274 426/1275/1275 425/1276/1276
f 414/1272/1272 417/1277/1277 426/1275/1275
f 425/1276/1276 423/1278/1278 422/1274/1274
f 416/1279/1279 429/1280/1280 417/1281/1281
f 417/1281/1281 429/1280/1280 431/1282/1282
f 417/1281/1281 431/1282/1282 427/1283/1283
f 416/1279/1279 419/1284/1284 429/1280/1280
f 427/1283/1283 426/1285/1285 417/1281/1281
f 430/1286/1286 422/1287/1287 432/1288/1288
f 432/1288/1288 422/1287/1287 421/1289/1289
f 430/1290/1290 432/1291/1291 420/1292/1292
f 420/1292/1292 432/1291/1291 431/1293/1293
f 420/1292/1292 431/1293/1293 429/1294/1294
f 428/1295/1295 427/1296/1296 421/1297/1297
f 421/1297/1297 427/1296/1296 431/1298/1298
f 421/1297/1297 431/1298/1298 432/1299/1299
f 421/1297/1297 424/1300/1300 428/1295/1295
g Cuerpo30

v 45.900001 13.367013 0.000000
v 45.900001 13.500000 0.000000
v 45.900001 13.500000 1.000000
v 45.900001 13.367013 1.000000
v 43.200001 13.353996 0.000000
v 43.200001 13.353996 1.000000
v 43.200001 8.600000 0.000000
v 43.200001 8.600000 1.000000
v 43.000001 8.600000 0.000000
v 43.000001 8.600000 1.000000
v 43.000001 13.500000 0.000000
v 43.000001 13.500000 1.000000
vt 0.000000 0.000000 0.000000
vt 0.132988 0.000000 0.000000
vt 0.000000 1.000000 0.000000
vt 0.132988 1.000000 0.000000
vt 0.000000 0.000000 0.000000
vt 2.700031 0.000000 0.000000
vt 0.000000 1.000000 0.000000
vt 2.700031 1.000000 0.000000
vt 0.000000 0.000000 0.000000
vt 4.753996 0.000000 0.000000
vt 0.000000 1.000000 0.000000
vt 4.753996 1.000000 0.000000
vt 0.000000 0.000000 0.000000
vt 0.200000 0.000000 0.000000
vt 0.000000 1.000000 0.000000
vt 0.200000 1.000000 0.000000
vt 0.000000 0.000000 0.000000
vt 4.900000 0.000000 0.000000
vt 0.000000 1.000000 0.000000
vt 4.900000 1.000000 0.000000
vt 0.000000 0.000000 0.000000
vt 2.900000 0.000000 0.000000
vt 0.000000 1.000000 0.000000
vt 2.900000 1.000000 0.000000
vt 1.450000 2.317013 0.000000
vt 1.450000 2.450000 0.000000
vt -1.250000 2.303996 0.000000
vt -1.450000 2.450000 0.000000
vt -1.450000 -2.450000 0.000000
vt -1.250000 -2.450000 0.000000
vt 1.450000 -2.450000 0.000000
vt 1.450000 2.450000 0.000000
vt 1.250000 2.303996 0.000000
vt -1.450000 2.450000 0.000000
vt -1.450000 2.317013 0.000000
vt 1.250000 -2.450000 0.000000
vn 1.000000 0.000000 -0.000000
vn 1.000000 0.000000 -0.000000
vn 1.000000 0.000000 -0.000000
vn 1.000000 0.000000 -0.000000
vn 0.004821 -0.999988 0.000000
vn 0.004821 -0.999988 0.000000
vn 0.004821 -0.999988 0.000000
vn 0.004821 -0.999988 0.000000
vn 1.000000 0.000000 0.000000
vn 1.000000 0.000000 0.000000
vn 1.000000 0.000000 0.000000
vn 1.000000 0.000000 0.000000
vn 0.000000 -1.000000 0.000000
vn 0.000000 -1.000000 0.000000
vn 0.000000 -1.000000 0.000000
vn 0.000000 -1.000000 0.000000
vn -1.000000 -0.000000 0.000000
vn -1.000000 -0.000000 0.000000
vn -1.000000 -0.000000 0.000000
vn -1.000000 -0.000000 0.000000
vn 0.000000 1.000000 -0.000000
vn 0.000000 1.000000 -0.000000
vn 0.000000 1.000000 -0.000000
vn 0.000000 1.000000 -0.000000
vn 0.000000 0.000000 1.000000
vn 0.000000 0.000000 1.000000
vn 0.000000 0.000000 1.000000
vn 0.000000 0.000000 1.000000
vn 0.000000 0.000000 1.000000
vn 0.000000 0.000000 1.000000
vn -0.000000 0.000000 -1.000000
vn -0.000000 0.000000 -1.000000
vn -0.000000 0.000000 -1.000000
vn -0.000000 0.000000 -1.000000
vn -0.000000 0.000000 -1.000000
vn -0.000000 0.000000 -1.000000
f 433/1301/1301 434/1302/1302 436/1303/1303
f 436/1303/1303 434/1302/1302 435/1304/1304
f 437/1305/1305 433/1306/1306 438/1307/1307
f 438/1307/1307 433/1306/1306 436/1308/1308
f 439/1309/1309 437/1310/1310 440/1311/1311
f 440/1311/1311 437/1310/1310 438/1312/1312
f 441/1313/1313 439/1314/1314 442/1315/1315
f 442/1315/1315 439/1314/1314 440/1316/1316
f 443/1317/1317 441/1318/1318 444/1319/1319
f 444/1319/1319 441/1318/1318 442/1320/1320
f 434/1321/1321 443/1322/1322 435/1323/1323
f 435/1323/1323 443/1322/1322 444/1324/1324
f 436/1325/1325 435/1326/1326 438/1327/1327
f 438/1327/1327 435/1326/1326 444/1328/1328
f 438/1327/1327 444/1328/1328 442/1329/1329
f 442/1329/1329 440/1330/1330 438/1327/1327
f 441/1331/1331 443/1332/1332 437/1333/1333
f 437/1333/1333 443/1332/1332 434/1334/1334
f 437/1333/1333 434/1334/1334 433/1335/1335
f 437/1333/1333 439/1336/1336 441/1331/1331
g Cuerpo35

v 39.900001 13.500000 -0.400000
v 39.900001 14.600000 -0.400000
v 39.900001 14.600000 -0.600000
v 39.900001 13.500000 -0.600000
v 38.700001 14.600000 -0.600000
v 38.700001 13.500000 -0.600000
v 40.300001 14.600000 -0.400000
v 40.300001 14.600000 -0.600000
v 39.900001 14.600000 -0.800000
v 38.700001 14.600000 -0.800000
v 40.300001 13.500000 -0.600000
v 40.300001 13.500000 -0.400000
v 39.900001 13.500000 -0.800000
v 38.700001 13.500000 -0.800000
v 40.750000 13.500000 0.000000
v 40.750000 14.600000 0.000000
v 40.750000 14.600000 -0.200000
v 40.750000 13.500000 -0.200000
v 40.300001 13.500000 -0.200000
v 40.300001 14.600000 -0.200000
v 41.173252 13.500000 0.000000
v 41.173252 14.600000 0.000000
v 41.173252 14.600000 -0.200000
v 40.750000 13.500000 -0.400000
v 41.173252 13.500000 -0.200000
v 40.750000 14.600000 -0.400000
vt -1.100000 0.400000 0.000000
vt -0.000000 0.400000 0.000000
vt -1.100000 0.600000 0.000000
vt -0.000000 0.600000 0.000000
vt 0.600000 0.550000 0.000000
vt -0.600000 0.550000 0.000000
vt 0.600000 -0.550000 0.000000
vt -0.600000 -0.550000 0.000000
vt 0.000000 0.400000 0.000000
vt 0.400000 0.400000 0.000000
vt 0.000000 0.600000 0.000000
vt 0.400000 0.600000 0.000000
vt -1.200000 0.600000 0.000000
vt 0.000000 0.600000 0.000000
vt -1.200000 0.800000 0.000000
vt 0.000000 0.800000 0.000000
vt 0.400000 0.600000 0.000000
vt 0.000000 0.600000 0.000000
vt 0.400000 0.400000 0.000000
vt 0.000000 0.400000 0.000000
vt 0.000000 0.600000 0.000000
vt 1.100000 0.600000 0.000000
vt 0.000000 0.800000 0.000000
vt 1.100000 0.800000 0.000000
vt 0.000000 0.600000 0.000000
vt 1.100000 0.600000 0.000000
vt 0.000000 0.800000 0.000000
vt 1.100000 0.800000 0.000000
vt -0.600000 0.550000 0.000000
vt -0.600000 -0.550000 0.000000
vt 0.600000 0.550000 0.000000
vt 0.600000 -0.550000 0.000000
vt -0.200000 -0.550000 0.000000
vt 0.200000 -0.550000 0.000000
vt -0.200000 0.550000 0.000000
vt 0.200000 0.550000 0.000000
vt 0.000000 0.400000 0.000000
vt 1.100000 0.400000 0.000000
vt 0.000000 0.600000 0.000000
vt 1.100000 0.600000 0.000000
vt 0.400000 0.600000 0.000000
vt 1.600000 0.600000 0.000000
vt 0.400000 0.800000 0.000000
vt 1.600000 0.800000 0.000000
vt -0.200000 -0.550000 0.000000
vt 0.200000 -0.550000 0.000000
vt -0.200000 0.550000 0.000000
vt 0.200000 0.550000 0.000000
vt -1.100000 0.000000 0.000000
vt 0.000000 0.000000 0.000000
vt -1.100000 0.200000 0.000000
vt -0.000000 0.200000 0.000000
vt 0.225000 -0.550000 0.000000
vt 0.225000 0.550000 0.000000
vt -0.225000 -0.550000 0.000000
vt -0.225000 0.550000 0.000000
vt -0.211626 -0.550000 0.000000
vt 0.211626 -0.550000 0.000000
vt -0.211626 0.550000 0.000000
vt 0.211626 0.550000 0.000000
vt 0.000000 -0.200000 0.000000
vt 0.423252 -0.200000 0.000000
vt 0.000000 0.000000 0.000000
vt 0.423252 0.000000 0.000000
vt 0.423252 0.200000 0.000000
vt 0.873252 0.200000 0.000000
vt 0.423252 0.400000 0.000000
vt 0.873252 0.400000 0.000000
vt 0.000000 0.200000 0.000000
vt 0.423252 0.000000 0.000000
vt -0.000000 0.000000 0.000000
vt 0.000000 0.200000 0.000000
vt 1.100000 0.200000 0.000000
vt 0.000000 0.400000 0.000000
vt 1.100000 0.400000 0.000000
vt 0.000000 0.200000 0.000000
vt 1.100000 0.200000 0.000000
vt 0.000000 0.400000 0.000000
vt 1.100000 0.400000 0.000000
vt -0.225000 -0.550000 0.000000
vt 0.225000 -0.550000 0.000000
vt -0.225000 0.550000 0.000000
vt 0.225000 0.550000 0.000000
vt -0.000000 0.000000 0.000000
vt 1.100000 0.000000 0.000000
vt 0.000000 0.200000 0.000000
vt 1.100000 0.200000 0.000000
vt -0.449999 0.000000 0.000000
vt 0.000000 0.000000 0.000000
vt -0.449999 0.200000 0.000000
vt 0.000000 0.200000 0.000000
vt -0.211626 -0.550000 0.000000
vt 0.211626 -0.550000 0.000000
vt -0.211626 0.550000 0.000000
vt 0.211626 0.550000 0.000000
vn -1.000000 0.000000 -0.000000
vn -1.000000 0.000000 -0.000000
vn -1.000000 0.000000 -0.000000
vn -1.000000 0.000000 -0.000000
vn -0.000000 -0.000000 1.000000
vn -0.000000 -0.000000 1.000000
vn -0.000000 -0.000000 1.000000
vn -0.000000 -0.000000 1.000000
vn 0.000000 1.000000 0.000000
vn 0.000000 1.000000 0.000000
vn 0.000000 1.000000 0.000000
vn 0.000000 1.000000 0.000000
vn 0.000000 1.000000 0.000000
vn 0.000000 1.000000 0.000000
vn 0.000000 1.000000 0.000000
vn 0.000000 -1.000000 0.000000
vn 0.000000 -1.000000 0.000000
vn 0.000000 -1.000000 0.000000
vn 0.000000 -1.000000 0.000000
vn 1.000000 -0.000000 0.000000
vn 1.000000 -0.000000 0.000000
vn 1.000000 -0.000000 0.000000
vn 1.000000 -0.000000 0.000000
vn -1.000000 -0.000000 -0.000000
vn -1.000000 -0.000000 -0.000000
vn -1.000000 -0.000000 -0.000000
vn -1.000000 -0.000000 -0.000000
vn 0.000000 0.000000 -1.000000
vn 0.000000 0.000000 -1.000000
vn 0.000000 0.000000 -1.000000
vn 0.000000 0.000000 -1.000000
vn -0.000000 -0.000000 1.000000
vn -0.000000 -0.000000 1.000000
vn -0.000000 -0.000000 1.000000
vn -0.000000 -0.000000 1.000000
vn 1.000000 -0.000000 0.000000
vn 1.000000 -0.000000 0.000000
vn 1.000000 -0.000000 0.000000
vn 1.000000 -0.000000 0.000000
vn 0.000000 -1.000000 0.000000
vn 0.000000 -1.000000 0.000000
vn 0.000000 -1.000000 0.000000
vn 0.000000 0.000000 -1.000000
vn 0.000000 0.000000 -1.000000
vn 0.000000 0.000000 -1.000000
vn 0.000000 0.000000 -1.000000
vn -1.000000 0.000000 -0.000000
vn -1.000000 0.000000 -0.000000
vn -1.000000 0.000000 -0.000000
vn -1.000000 0.000000 -0.000000
vn -0.000000 -0.000000 1.000000
vn -0.000000 -0.000000 1.000000
vn -0.000000 -0.000000 1.000000
vn -0.000000 -0.000000 1.000000
vn 0.000000 -0.000000 1.000000
vn 0.000000 -0.000000 1.000000
vn 0.000000 -0.000000 1.000000
vn 0.000000 -0.000000 1.000000
vn 0.000000 1.000000 0.000000
vn 0.000000 1.000000 0.000000
vn 0.000000 1.000000 0.000000
vn 0.000000 1.000000 0.000000
vn 0.000000 -1.000000 0.000000
vn 0.000000 -1.000000 0.000000
vn 0.000000 -1.000000 0.000000
vn 0.000000 -1.000000 0.000000
vn 0.000000 -1.000000 0.000000
vn 0.000000 -1.000000 0.000000
vn 1.000000 -0.000000 0.000000
vn 1.000000 -0.000000 0.000000
vn 1.000000 -0.000000 0.000000
vn 1.000000 -0.000000 0.000000
vn -1.000000 0.000000 0.000000
vn -1.000000 0.000000 0.000000
vn -1.000000 0.000000 0.000000
vn -1.000000 0.000000 0.000000
vn 0.000000 0.000000 -1.000000
vn 0.000000 0.000000 -1.000000
vn 0.000000 0.000000 -1.000000
vn 0.000000 0.000000 -1.000000
vn 1.000000 -0.000000 0.000000
vn 1.000000 -0.000000 0.000000
vn 1.000000 -0.000000 0.000000
vn 1.000000 -0.000000 0.000000
vn 0.000000 1.000000 0.000000
vn 0.000000 1.000000 0.000000
vn 0.000000 0.000000 -1.000000
vn 0.000000 0.000000 -1.000000
vn 0.000000 0.000000 -1.000000
vn 0.000000 0.000000 -1.000000
f 445/1337/1337 446/1338/1338 448/1339/1339
f 448/1339/1339 446/1338/1338 447/1340/1340
f 447/1341/1341 449/1342/1342 448/1343/1343
f 448/1343/1343 449/1342/1342 450/1344/1344
f 446/1345/1345 451/1346/1346 447/1347/1347
f 447/1347/1347 451/1346/1346 452/1348/1348
f 449/1349/1349 447/1350/1347 454/1351/1350
f 454/1351/1350 447/1350/1347 453/1352/1351
f 448/1353/1352 455/1354/1353 445/1355/1354
f 445/1355/1354 455/1354/1353 456/1356/1355
f 447/1357/1356 448/1358/1357 453/1359/1358
f 453/1359/1358 448/1358/1357 457/1360/1359
f 450/1361/1360 449/1362/1361 458/1363/1362
f 458/1363/1362 449/1362/1361 454/1364/1363
f 453/1365/1364 457/1366/1365 454/1367/1366
f 454/1367/1366 457/1366/1365 458/1368/1367
f 445/1369/1368 456/1370/1369 446/1371/1370
f 446/1371/1370 456/1370/1369 451/1372/1371
f 451/1373/1372 456/1374/1373 452/1375/1374
f 452/1375/1374 456/1374/1373 455/1376/1375
f 448/1377/1352 450/1378/1376 457/1379/1377
f 457/1379/1377 450/1378/1376 458/1380/1378
f 455/1381/1379 448/1382/1380 452/1383/1381
f 452/1383/1381 448/1382/1380 447/1384/1382
f 459/1385/1383 460/1386/1384 462/1387/1385
f 462/1387/1385 460/1386/1384 461/1388/1386
f 462/1389/1387 461/1390/1388 463/1391/1389
f 463/1391/1389 461/1390/1388 464/1392/1390
f 459/1393/1391 465/1394/1392 460/1395/1393
f 460/1395/1393 465/1394/1392 466/1396/1394
f 460/1397/1395 466/1398/1396 461/1399/1397
f 461/1399/1397 466/1398/1396 467/1400/1398
f 462/1401/1399 463/1402/1400 468/1403/1401
f 468/1403/1401 463/1402/1400 456/1404/1355
f 462/1401/1399 469/1405/1402 459/1406/1403
f 459/1406/1403 469/1405/1402 465/1407/1404
f 461/1408/1405 462/1409/1406 470/1410/1407
f 470/1410/1407 462/1409/1406 468/1411/1408
f 463/1412/1409 464/1413/1410 456/1414/1411
f 456/1414/1411 464/1413/1410 451/1415/1412
f 468/1416/1413 456/1417/1414 470/1418/1415
f 470/1418/1415 456/1417/1414 451/1419/1416
f 466/1420/1417 465/1421/1418 467/1422/1419
f 467/1422/1419 465/1421/1418 469/1423/1420
f 464/1424/1421 461/1425/1397 451/1426/1346
f 451/1426/1346 461/1425/1397 470/1427/1422
f 469/1428/1423 462/1429/1424 467/1430/1425
f 467/1430/1425 462/1429/1424 461/1431/1426
# 470 vertices
# 1431 texture params
# 1426 normals
# 828 facets

# 28 groups
