# WaveFront *.obj file (generated by Autodesk ATF)

mtllib Boceto Edifico A - Piso 1.mtl

g Cuerpo1

v 38.500000 0.700000 0.000000
v 38.500000 6.300000 0.000000
v 38.500000 6.300000 2.000000
v 38.500000 0.700000 2.000000
v 35.200000 0.700000 0.000000
v 35.200000 0.700000 2.000000
v 35.200000 6.200000 0.000000
v 35.200000 6.200000 2.000000
v 36.200000 6.200000 0.000000
v 36.200000 6.200000 2.000000
v 36.200000 6.300000 0.000000
v 36.200000 6.300000 2.000000
vt -0.000000 0.000000 0.000000
vt 5.600000 0.000000 0.000000
vt 0.000000 2.000000 0.000000
vt 5.600000 2.000000 0.000000
vt 0.000000 0.000000 0.000000
vt 3.300000 0.000000 0.000000
vt 0.000000 2.000000 0.000000
vt 3.300000 2.000000 0.000000
vt 0.000000 0.000000 0.000000
vt 5.500000 0.000000 0.000000
vt 0.000000 2.000000 0.000000
vt 5.500000 2.000000 0.000000
vt 0.000000 0.000000 0.000000
vt 1.000000 0.000000 0.000000
vt 0.000000 2.000000 0.000000
vt 1.000000 2.000000 0.000000
vt 0.000000 0.000000 0.000000
vt 0.100000 0.000000 0.000000
vt 0.000000 2.000000 0.000000
vt 0.100000 2.000000 0.000000
vt 0.000000 0.000000 0.000000
vt 2.300000 0.000000 0.000000
vt 0.000000 2.000000 0.000000
vt 2.300000 2.000000 0.000000
vt -0.650000 2.800000 0.000000
vt -0.650000 2.700000 0.000000
vt 1.650000 2.800000 0.000000
vt 1.650000 -2.800000 0.000000
vt -1.650000 -2.800000 0.000000
vt -1.650000 2.700000 0.000000
vt 0.650000 2.800000 0.000000
vt -1.650000 2.800000 0.000000
vt 0.650000 2.700000 0.000000
vt -1.650000 -2.800000 0.000000
vt 1.650000 -2.800000 0.000000
vt 1.650000 2.700000 0.000000
vn 1.000000 0.000000 -0.000000
vn 1.000000 0.000000 -0.000000
vn 1.000000 0.000000 -0.000000
vn 1.000000 0.000000 -0.000000
vn -0.000000 -1.000000 0.000000
vn -0.000000 -1.000000 0.000000
vn -0.000000 -1.000000 0.000000
vn -0.000000 -1.000000 0.000000
vn -1.000000 0.000000 0.000000
vn -1.000000 0.000000 0.000000
vn -1.000000 0.000000 0.000000
vn -1.000000 0.000000 0.000000
vn 0.000000 1.000000 -0.000000
vn 0.000000 1.000000 -0.000000
vn 0.000000 1.000000 -0.000000
vn 0.000000 1.000000 -0.000000
vn -1.000000 0.000000 0.000000
vn -1.000000 0.000000 0.000000
vn -1.000000 0.000000 0.000000
vn -1.000000 0.000000 0.000000
vn 0.000000 1.000000 -0.000000
vn 0.000000 1.000000 -0.000000
vn 0.000000 1.000000 -0.000000
vn 0.000000 1.000000 -0.000000
vn 0.000000 0.000000 1.000000
vn 0.000000 0.000000 1.000000
vn 0.000000 0.000000 1.000000
vn 0.000000 0.000000 1.000000
vn 0.000000 0.000000 1.000000
vn 0.000000 0.000000 1.000000
vn -0.000000 0.000000 -1.000000
vn -0.000000 0.000000 -1.000000
vn -0.000000 0.000000 -1.000000
vn -0.000000 0.000000 -1.000000
vn -0.000000 0.000000 -1.000000
vn -0.000000 0.000000 -1.000000
usemtl Acero_-_Satinado
f 1/1/1 2/2/2 4/3/3
f 4/3/3 2/2/2 3/4/4
f 5/5/5 1/6/6 6/7/7
f 6/7/7 1/6/6 4/8/8
f 7/9/9 5/10/10 8/11/11
f 8/11/11 5/10/10 6/12/12
f 9/13/13 7/14/14 10/15/15
f 10/15/15 7/14/14 8/16/16
f 11/17/17 9/18/18 12/19/19
f 12/19/19 9/18/18 10/20/20
f 2/21/21 11/22/22 3/23/23
f 3/23/23 11/22/22 12/24/24
f 12/25/25 10/26/26 3/27/27
f 3/27/27 10/26/26 4/28/28
f 4/28/28 10/26/26 6/29/29
f 6/29/29 10/26/26 8/30/30
f 11/31/31 2/32/32 9/33/33
f 9/33/33 2/32/32 1/34/34
f 9/33/33 1/34/34 5/35/35
f 5/35/35 7/36/36 9/33/33
g Cuerpo2

v 21.200000 6.200000 0.000000
v 21.200000 0.700000 0.000000
v 21.200000 0.700000 2.000000
v 21.200000 6.200000 2.000000
v 22.200000 6.200000 0.000000
v 22.200000 6.200000 2.000000
v 22.200000 6.300000 0.000000
v 22.200000 6.300000 2.000000
v 24.500000 6.300000 0.000000
v 24.500000 6.300000 2.000000
v 24.500000 0.700000 0.000000
v 24.500000 0.700000 2.000000
vt 0.000000 0.000000 0.000000
vt 5.500000 0.000000 0.000000
vt 0.000000 2.000000 0.000000
vt 5.500000 2.000000 0.000000
vt 0.000000 0.000000 0.000000
vt 1.000000 0.000000 0.000000
vt 0.000000 2.000000 0.000000
vt 1.000000 2.000000 0.000000
vt 0.000000 0.000000 0.000000
vt 0.100000 0.000000 0.000000
vt 0.000000 2.000000 0.000000
vt 0.100000 2.000000 0.000000
vt 0.000000 0.000000 0.000000
vt 2.300000 0.000000 0.000000
vt 0.000000 2.000000 0.000000
vt 2.300000 2.000000 0.000000
vt 0.000000 0.000000 0.000000
vt 5.600000 0.000000 0.000000
vt 0.000000 2.000000 0.000000
vt 5.600000 2.000000 0.000000
vt 0.000000 0.000000 0.000000
vt 3.300000 0.000000 0.000000
vt 0.000000 2.000000 0.000000
vt 3.300000 2.000000 0.000000
vt -1.650000 2.700000 0.000000
vt -1.650000 -2.800000 0.000000
vt -0.650000 2.700000 0.000000
vt 1.650000 -2.800000 0.000000
vt 1.650000 2.800000 0.000000
vt -0.650000 2.800000 0.000000
vt -1.650000 2.800000 0.000000
vt -1.650000 -2.800000 0.000000
vt 0.650000 2.700000 0.000000
vt 1.650000 -2.800000 0.000000
vt 1.650000 2.700000 0.000000
vt 0.650000 2.800000 0.000000
vn -1.000000 0.000000 0.000000
vn -1.000000 0.000000 0.000000
vn -1.000000 0.000000 0.000000
vn -1.000000 0.000000 0.000000
vn 0.000000 1.000000 -0.000000
vn 0.000000 1.000000 -0.000000
vn 0.000000 1.000000 -0.000000
vn 0.000000 1.000000 -0.000000
vn -1.000000 0.000000 0.000000
vn -1.000000 0.000000 0.000000
vn -1.000000 0.000000 0.000000
vn -1.000000 0.000000 0.000000
vn 0.000000 1.000000 -0.000000
vn 0.000000 1.000000 -0.000000
vn 0.000000 1.000000 -0.000000
vn 0.000000 1.000000 -0.000000
vn 1.000000 0.000000 -0.000000
vn 1.000000 0.000000 -0.000000
vn 1.000000 0.000000 -0.000000
vn 1.000000 0.000000 -0.000000
vn 0.000000 -1.000000 0.000000
vn 0.000000 -1.000000 0.000000
vn 0.000000 -1.000000 0.000000
vn 0.000000 -1.000000 0.000000
vn 0.000000 0.000000 1.000000
vn 0.000000 0.000000 1.000000
vn 0.000000 0.000000 1.000000
vn 0.000000 0.000000 1.000000
vn 0.000000 0.000000 1.000000
vn 0.000000 0.000000 1.000000
vn -0.000000 0.000000 -1.000000
vn -0.000000 0.000000 -1.000000
vn -0.000000 0.000000 -1.000000
vn -0.000000 0.000000 -1.000000
vn -0.000000 0.000000 -1.000000
vn -0.000000 0.000000 -1.000000
f 13/37/37 14/38/38 16/39/39
f 16/39/39 14/38/38 15/40/40
f 17/41/41 13/42/42 18/43/43
f 18/43/43 13/42/42 16/44/44
f 19/45/45 17/46/46 20/47/47
f 20/47/47 17/46/46 18/48/48
f 21/49/49 19/50/50 22/51/51
f 22/51/51 19/50/50 20/52/52
f 23/53/53 21/54/54 24/55/55
f 24/55/55 21/54/54 22/56/56
f 14/57/57 23/58/58 15/59/59
f 15/59/59 23/58/58 24/60/60
f 16/61/61 15/62/62 18/63/63
f 18/63/63 15/62/62 24/64/64
f 18/63/63 24/64/64 22/65/65
f 22/65/65 20/66/66 18/63/63
f 21/67/67 23/68/68 17/69/69
f 17/69/69 23/68/68 14/70/70
f 17/69/69 14/70/70 13/71/71
f 17/69/69 19/72/72 21/67/67
g Cuerpo3

v 7.000000 5.500000 0.000000
v 7.000000 6.200000 0.000000
v 7.000000 6.200000 2.000000
v 7.000000 5.500000 2.000000
v 7.200000 5.500000 0.000000
v 7.200000 5.500000 2.000000
v 7.200000 6.200000 0.000000
v 7.200000 6.200000 2.000000
v 8.200000 6.200000 0.000000
v 8.200000 6.200000 2.000000
v 8.200000 6.300000 0.000000
v 8.200000 6.300000 2.000000
v 10.500000 6.300000 0.000000
v 10.500000 6.300000 2.000000
v 10.500000 0.700000 0.000000
v 10.500000 0.700000 2.000000
v 5.500000 0.700000 0.000000
v 5.500000 0.700000 2.000000
v 5.500000 6.200000 0.000000
v 5.500000 6.200000 2.000000
vt 0.000000 0.000000 0.000000
vt 0.700000 0.000000 0.000000
vt 0.000000 2.000000 0.000000
vt 0.700000 2.000000 0.000000
vt -0.000000 0.000000 0.000000
vt 0.200000 0.000000 0.000000
vt -0.000000 2.000000 0.000000
vt 0.200000 2.000000 0.000000
vt -0.000000 0.000000 0.000000
vt 0.700000 0.000000 0.000000
vt -0.000000 2.000000 0.000000
vt 0.700000 2.000000 0.000000
vt 0.000000 0.000000 0.000000
vt 1.000000 0.000000 0.000000
vt 0.000000 2.000000 0.000000
vt 1.000000 2.000000 0.000000
vt 0.000000 0.000000 0.000000
vt 0.100000 0.000000 0.000000
vt 0.000000 2.000000 0.000000
vt 0.100000 2.000000 0.000000
vt 0.000000 0.000000 0.000000
vt 2.300000 0.000000 0.000000
vt 0.000000 2.000000 0.000000
vt 2.300000 2.000000 0.000000
vt 0.000000 0.000000 0.000000
vt 5.600000 0.000000 0.000000
vt 0.000000 2.000000 0.000000
vt 5.600000 2.000000 0.000000
vt 0.000000 0.000000 0.000000
vt 5.000000 0.000000 0.000000
vt 0.000000 2.000000 0.000000
vt 5.000000 2.000000 0.000000
vt 0.000000 0.000000 0.000000
vt 5.500000 0.000000 0.000000
vt 0.000000 2.000000 0.000000
vt 5.500000 2.000000 0.000000
vt 0.000000 0.000000 0.000000
vt 1.500000 0.000000 0.000000
vt 0.000000 2.000000 0.000000
vt 1.500000 2.000000 0.000000
vt -1.000000 2.700000 0.000000
vt -2.500000 2.700000 0.000000
vt -1.000000 2.000000 0.000000
vt -2.500000 -2.800000 0.000000
vt -0.800000 2.000000 0.000000
vt 2.500000 -2.800000 0.000000
vt 0.200000 2.700000 0.000000
vt 2.500000 2.800000 0.000000
vt 0.200000 2.800000 0.000000
vt -0.800000 2.700000 0.000000
vt 1.000000 2.700000 0.000000
vt 1.000000 2.000000 0.000000
vt 2.500000 2.700000 0.000000
vt 2.500000 -2.800000 0.000000
vt 0.800000 2.000000 0.000000
vt -2.500000 -2.800000 0.000000
vt -0.200000 2.700000 0.000000
vt -2.500000 2.800000 0.000000
vt -0.200000 2.800000 0.000000
vt 0.800000 2.700000 0.000000
vn 1.000000 0.000000 -0.000000
vn 1.000000 0.000000 -0.000000
vn 1.000000 0.000000 -0.000000
vn 1.000000 0.000000 -0.000000
vn 0.000000 1.000000 0.000000
vn 0.000000 1.000000 0.000000
vn 0.000000 1.000000 0.000000
vn 0.000000 1.000000 0.000000
vn -1.000000 0.000000 0.000000
vn -1.000000 0.000000 0.000000
vn -1.000000 0.000000 0.000000
vn -1.000000 0.000000 0.000000
vn 0.000000 1.000000 -0.000000
vn 0.000000 1.000000 -0.000000
vn 0.000000 1.000000 -0.000000
vn 0.000000 1.000000 -0.000000
vn -1.000000 0.000000 0.000000
vn -1.000000 0.000000 0.000000
vn -1.000000 0.000000 0.000000
vn -1.000000 0.000000 0.000000
vn 0.000000 1.000000 -0.000000
vn 0.000000 1.000000 -0.000000
vn 0.000000 1.000000 -0.000000
vn 0.000000 1.000000 -0.000000
vn 1.000000 0.000000 -0.000000
vn 1.000000 0.000000 -0.000000
vn 1.000000 0.000000 -0.000000
vn 1.000000 0.000000 -0.000000
vn 0.000000 -1.000000 0.000000
vn 0.000000 -1.000000 0.000000
vn 0.000000 -1.000000 0.000000
vn 0.000000 -1.000000 0.000000
vn -1.000000 0.000000 0.000000
vn -1.000000 0.000000 0.000000
vn -1.000000 0.000000 0.000000
vn -1.000000 0.000000 0.000000
vn 0.000000 1.000000 -0.000000
vn 0.000000 1.000000 -0.000000
vn 0.000000 1.000000 -0.000000
vn 0.000000 1.000000 -0.000000
vn 0.000000 0.000000 1.000000
vn 0.000000 0.000000 1.000000
vn 0.000000 0.000000 1.000000
vn 0.000000 0.000000 1.000000
vn 0.000000 0.000000 1.000000
vn 0.000000 0.000000 1.000000
vn 0.000000 0.000000 1.000000
vn 0.000000 0.000000 1.000000
vn 0.000000 0.000000 1.000000
vn 0.000000 0.000000 1.000000
vn -0.000000 -0.000000 -1.000000
vn -0.000000 -0.000000 -1.000000
vn -0.000000 -0.000000 -1.000000
vn -0.000000 -0.000000 -1.000000
vn -0.000000 -0.000000 -1.000000
vn -0.000000 -0.000000 -1.000000
vn -0.000000 -0.000000 -1.000000
vn -0.000000 -0.000000 -1.000000
vn -0.000000 -0.000000 -1.000000
vn -0.000000 -0.000000 -1.000000
f 25/73/73 26/74/74 28/75/75
f 28/75/75 26/74/74 27/76/76
f 29/77/77 25/78/78 30/79/79
f 30/79/79 25/78/78 28/80/80
f 31/81/81 29/82/82 32/83/83
f 32/83/83 29/82/82 30/84/84
f 33/85/85 31/86/86 34/87/87
f 34/87/87 31/86/86 32/88/88
f 35/89/89 33/90/90 36/91/91
f 36/91/91 33/90/90 34/92/92
f 37/93/93 35/94/94 38/95/95
f 38/95/95 35/94/94 36/96/96
f 39/97/97 37/98/98 40/99/99
f 40/99/99 37/98/98 38/100/100
f 41/101/101 39/102/102 42/103/103
f 42/103/103 39/102/102 40/104/104
f 43/105/105 41/106/106 44/107/107
f 44/107/107 41/106/106 42/108/108
f 26/109/109 43/110/110 27/111/111
f 27/111/111 43/110/110 44/112/112
f 27/113/113 44/114/114 28/115/115
f 28/115/115 44/114/114 42/116/116
f 28/115/115 42/116/116 30/117/117
f 30/117/117 42/116/116 40/118/118
f 30/117/117 40/118/118 34/119/119
f 34/119/119 40/118/118 38/120/120
f 34/119/119 38/120/120 36/121/121
f 34/119/119 32/122/122 30/117/117
f 26/123/123 25/124/124 43/125/125
f 43/125/125 25/124/124 41/126/126
f 41/126/126 25/124/124 29/127/127
f 41/126/126 29/127/127 39/128/128
f 39/128/128 29/127/127 33/129/129
f 39/128/128 33/129/129 37/130/130
f 37/130/130 33/129/129 35/131/131
f 29/127/127 31/132/132 33/129/129
g Cuerpo4

v 38.500000 14.400000 0.000000
v 35.200000 14.400000 0.000000
v 35.200000 14.400000 2.000000
v 38.500000 14.400000 2.000000
v 38.500000 8.800000 0.000000
v 38.500000 8.800000 2.000000
v 36.200000 8.800000 0.000000
v 36.200000 8.800000 2.000000
v 36.200000 8.900000 0.000000
v 36.200000 8.900000 2.000000
v 35.200000 8.900000 0.000000
v 35.200000 8.900000 2.000000
vt -0.000000 0.000000 0.000000
vt 3.300000 0.000000 0.000000
vt -0.000000 2.000000 0.000000
vt 3.300000 2.000000 0.000000
vt 0.000000 0.000000 0.000000
vt 5.600000 0.000000 0.000000
vt 0.000000 2.000000 0.000000
vt 5.600000 2.000000 0.000000
vt 0.000000 0.000000 0.000000
vt 2.300000 0.000000 0.000000
vt 0.000000 2.000000 0.000000
vt 2.300000 2.000000 0.000000
vt -0.000000 0.000000 0.000000
vt 0.100000 0.000000 0.000000
vt -0.000000 2.000000 0.000000
vt 0.100000 2.000000 0.000000
vt 0.000000 0.000000 0.000000
vt 1.000000 0.000000 0.000000
vt 0.000000 2.000000 0.000000
vt 1.000000 2.000000 0.000000
vt 0.000000 0.000000 0.000000
vt 5.500000 0.000000 0.000000
vt 0.000000 2.000000 0.000000
vt 5.500000 2.000000 0.000000
vt -1.650000 -2.700000 0.000000
vt -0.650000 -2.700000 0.000000
vt -1.650000 2.800000 0.000000
vt 1.650000 2.800000 0.000000
vt 1.650000 -2.800000 0.000000
vt -0.650000 -2.800000 0.000000
vt 1.650000 -2.700000 0.000000
vt 1.650000 2.800000 0.000000
vt 0.650000 -2.700000 0.000000
vt -1.650000 2.800000 0.000000
vt -1.650000 -2.800000 0.000000
vt 0.650000 -2.800000 0.000000
vn 0.000000 1.000000 0.000000
vn 0.000000 1.000000 0.000000
vn 0.000000 1.000000 0.000000
vn 0.000000 1.000000 0.000000
vn 1.000000 0.000000 -0.000000
vn 1.000000 0.000000 -0.000000
vn 1.000000 0.000000 -0.000000
vn 1.000000 0.000000 -0.000000
vn 0.000000 -1.000000 0.000000
vn 0.000000 -1.000000 0.000000
vn 0.000000 -1.000000 0.000000
vn 0.000000 -1.000000 0.000000
vn -1.000000 0.000000 0.000000
vn -1.000000 0.000000 0.000000
vn -1.000000 0.000000 0.000000
vn -1.000000 0.000000 0.000000
vn 0.000000 -1.000000 0.000000
vn 0.000000 -1.000000 0.000000
vn 0.000000 -1.000000 0.000000
vn 0.000000 -1.000000 0.000000
vn -1.000000 0.000000 0.000000
vn -1.000000 0.000000 0.000000
vn -1.000000 0.000000 0.000000
vn -1.000000 0.000000 0.000000
vn 0.000000 0.000000 1.000000
vn 0.000000 0.000000 1.000000
vn 0.000000 0.000000 1.000000
vn 0.000000 0.000000 1.000000
vn 0.000000 0.000000 1.000000
vn 0.000000 0.000000 1.000000
vn -0.000000 0.000000 -1.000000
vn -0.000000 0.000000 -1.000000
vn -0.000000 0.000000 -1.000000
vn -0.000000 0.000000 -1.000000
vn -0.000000 0.000000 -1.000000
vn -0.000000 0.000000 -1.000000
f 45/133/133 46/134/134 48/135/135
f 48/135/135 46/134/134 47/136/136
f 49/137/137 45/138/138 50/139/139
f 50/139/139 45/138/138 48/140/140
f 51/141/141 49/142/142 52/143/143
f 52/143/143 49/142/142 50/144/144
f 53/145/145 51/146/146 54/147/147
f 54/147/147 51/146/146 52/148/148
f 55/149/149 53/150/150 56/151/151
f 56/151/151 53/150/150 54/152/152
f 46/153/153 55/154/154 47/155/155
f 47/155/155 55/154/154 56/156/156
f 56/157/157 54/158/158 47/159/159
f 47/159/159 54/158/158 48/160/160
f 48/160/160 54/158/158 50/161/161
f 50/161/161 54/158/158 52/162/162
f 55/163/163 46/164/164 53/165/165
f 53/165/165 46/164/164 45/166/166
f 53/165/165 45/166/166 49/167/167
f 49/167/167 51/168/168 53/165/165
g Cuerpo5

v 21.200000 8.900000 0.000000
v 22.200000 8.900000 0.000000
v 22.200000 8.900000 2.000000
v 21.200000 8.900000 2.000000
v 21.200000 14.400000 0.000000
v 21.200000 14.400000 2.000000
v 24.500000 14.400000 0.000000
v 24.500000 14.400000 2.000000
v 24.500000 8.800000 0.000000
v 24.500000 8.800000 2.000000
v 22.200000 8.800000 0.000000
v 22.200000 8.800000 2.000000
vt 0.000000 0.000000 0.000000
vt 1.000000 0.000000 0.000000
vt 0.000000 2.000000 0.000000
vt 1.000000 2.000000 0.000000
vt 0.000000 0.000000 0.000000
vt 5.500000 0.000000 0.000000
vt 0.000000 2.000000 0.000000
vt 5.500000 2.000000 0.000000
vt -0.000000 0.000000 0.000000
vt 3.300000 0.000000 0.000000
vt -0.000000 2.000000 0.000000
vt 3.300000 2.000000 0.000000
vt 0.000000 0.000000 0.000000
vt 5.600000 0.000000 0.000000
vt 0.000000 2.000000 0.000000
vt 5.600000 2.000000 0.000000
vt 0.000000 0.000000 0.000000
vt 2.300000 0.000000 0.000000
vt 0.000000 2.000000 0.000000
vt 2.300000 2.000000 0.000000
vt -0.000000 0.000000 0.000000
vt 0.100000 0.000000 0.000000
vt -0.000000 2.000000 0.000000
vt 0.100000 2.000000 0.000000
vt -0.650000 -2.800000 0.000000
vt 1.650000 -2.800000 0.000000
vt -0.650000 -2.700000 0.000000
vt 1.650000 2.800000 0.000000
vt -1.650000 2.800000 0.000000
vt -1.650000 -2.700000 0.000000
vt 0.650000 -2.800000 0.000000
vt 0.650000 -2.700000 0.000000
vt -1.650000 -2.800000 0.000000
vt -1.650000 2.800000 0.000000
vt 1.650000 2.800000 0.000000
vt 1.650000 -2.700000 0.000000
vn 0.000000 -1.000000 0.000000
vn 0.000000 -1.000000 0.000000
vn 0.000000 -1.000000 0.000000
vn 0.000000 -1.000000 0.000000
vn -1.000000 0.000000 0.000000
vn -1.000000 0.000000 0.000000
vn -1.000000 0.000000 0.000000
vn -1.000000 0.000000 0.000000
vn 0.000000 1.000000 0.000000
vn 0.000000 1.000000 0.000000
vn 0.000000 1.000000 0.000000
vn 0.000000 1.000000 0.000000
vn 1.000000 0.000000 -0.000000
vn 1.000000 0.000000 -0.000000
vn 1.000000 0.000000 -0.000000
vn 1.000000 0.000000 -0.000000
vn 0.000000 -1.000000 0.000000
vn 0.000000 -1.000000 0.000000
vn 0.000000 -1.000000 0.000000
vn 0.000000 -1.000000 0.000000
vn -1.000000 0.000000 0.000000
vn -1.000000 0.000000 0.000000
vn -1.000000 0.000000 0.000000
vn -1.000000 0.000000 0.000000
vn 0.000000 0.000000 1.000000
vn 0.000000 0.000000 1.000000
vn 0.000000 0.000000 1.000000
vn 0.000000 0.000000 1.000000
vn 0.000000 0.000000 1.000000
vn 0.000000 0.000000 1.000000
vn -0.000000 0.000000 -1.000000
vn -0.000000 0.000000 -1.000000
vn -0.000000 0.000000 -1.000000
vn -0.000000 0.000000 -1.000000
vn -0.000000 0.000000 -1.000000
vn -0.000000 0.000000 -1.000000
f 57/169/169 58/170/170 60/171/171
f 60/171/171 58/170/170 59/172/172
f 61/173/173 57/174/174 62/175/175
f 62/175/175 57/174/174 60/176/176
f 63/177/177 61/178/178 64/179/179
f 64/179/179 61/178/178 62/180/180
f 65/181/181 63/182/182 66/183/183
f 66/183/183 63/182/182 64/184/184
f 67/185/185 65/186/186 68/187/187
f 68/187/187 65/186/186 66/188/188
f 58/189/189 67/190/190 59/191/191
f 59/191/191 67/190/190 68/192/192
f 68/193/193 66/194/194 59/195/195
f 59/195/195 66/194/194 64/196/196
f 59/195/195 64/196/196 62/197/197
f 62/197/197 60/198/198 59/195/195
f 67/199/199 58/200/200 65/201/201
f 65/201/201 58/200/200 63/202/202
f 63/202/202 58/200/200 61/203/203
f 61/203/203 58/200/200 57/204/204
g Cuerpo6

v 10.500000 14.400000 0.000000
v 7.200000 14.400000 0.000000
v 7.200000 14.400000 2.000000
v 10.500000 14.400000 2.000000
v 10.500000 8.800000 0.000000
v 10.500000 8.800000 2.000000
v 8.200000 8.800000 0.000000
v 8.200000 8.800000 2.000000
v 8.200000 8.900000 0.000000
v 8.200000 8.900000 2.000000
v 7.200000 8.900000 0.000000
v 7.200000 8.900000 2.000000
vt -0.000000 0.000000 0.000000
vt 3.300000 0.000000 0.000000
vt -0.000000 2.000000 0.000000
vt 3.300000 2.000000 0.000000
vt 0.000000 0.000000 0.000000
vt 5.600000 0.000000 0.000000
vt 0.000000 2.000000 0.000000
vt 5.600000 2.000000 0.000000
vt 0.000000 0.000000 0.000000
vt 2.300000 0.000000 0.000000
vt 0.000000 2.000000 0.000000
vt 2.300000 2.000000 0.000000
vt -0.000000 0.000000 0.000000
vt 0.100000 0.000000 0.000000
vt -0.000000 2.000000 0.000000
vt 0.100000 2.000000 0.000000
vt 0.000000 0.000000 0.000000
vt 1.000000 0.000000 0.000000
vt 0.000000 2.000000 0.000000
vt 1.000000 2.000000 0.000000
vt 0.000000 0.000000 0.000000
vt 5.500000 0.000000 0.000000
vt 0.000000 2.000000 0.000000
vt 5.500000 2.000000 0.000000
vt -1.650000 -2.700000 0.000000
vt -0.650000 -2.700000 0.000000
vt -1.650000 2.800000 0.000000
vt 1.650000 2.800000 0.000000
vt 1.650000 -2.800000 0.000000
vt -0.650000 -2.800000 0.000000
vt 1.650000 -2.700000 0.000000
vt 1.650000 2.800000 0.000000
vt 0.650000 -2.700000 0.000000
vt -1.650000 2.800000 0.000000
vt -1.650000 -2.800000 0.000000
vt 0.650000 -2.800000 0.000000
vn 0.000000 1.000000 0.000000
vn 0.000000 1.000000 0.000000
vn 0.000000 1.000000 0.000000
vn 0.000000 1.000000 0.000000
vn 1.000000 0.000000 -0.000000
vn 1.000000 0.000000 -0.000000
vn 1.000000 0.000000 -0.000000
vn 1.000000 0.000000 -0.000000
vn 0.000000 -1.000000 0.000000
vn 0.000000 -1.000000 0.000000
vn 0.000000 -1.000000 0.000000
vn 0.000000 -1.000000 0.000000
vn -1.000000 0.000000 0.000000
vn -1.000000 0.000000 0.000000
vn -1.000000 0.000000 0.000000
vn -1.000000 0.000000 0.000000
vn 0.000000 -1.000000 0.000000
vn 0.000000 -1.000000 0.000000
vn 0.000000 -1.000000 0.000000
vn 0.000000 -1.000000 0.000000
vn -1.000000 0.000000 0.000000
vn -1.000000 0.000000 0.000000
vn -1.000000 0.000000 0.000000
vn -1.000000 0.000000 0.000000
vn 0.000000 0.000000 1.000000
vn 0.000000 0.000000 1.000000
vn 0.000000 0.000000 1.000000
vn 0.000000 0.000000 1.000000
vn 0.000000 0.000000 1.000000
vn 0.000000 0.000000 1.000000
vn 0.000000 -0.000000 -1.000000
vn 0.000000 -0.000000 -1.000000
vn 0.000000 -0.000000 -1.000000
vn 0.000000 -0.000000 -1.000000
vn 0.000000 -0.000000 -1.000000
vn 0.000000 -0.000000 -1.000000
f 69/205/205 70/206/206 72/207/207
f 72/207/207 70/206/206 71/208/208
f 73/209/209 69/210/210 74/211/211
f 74/211/211 69/210/210 72/212/212
f 75/213/213 73/214/214 76/215/215
f 76/215/215 73/214/214 74/216/216
f 77/217/217 75/218/218 78/219/219
f 78/219/219 75/218/218 76/220/220
f 79/221/221 77/222/222 80/223/223
f 80/223/223 77/222/222 78/224/224
f 70/225/225 79/226/226 71/227/227
f 71/227/227 79/226/226 80/228/228
f 80/229/229 78/230/230 71/231/231
f 71/231/231 78/230/230 72/232/232
f 72/232/232 78/230/230 74/233/233
f 74/233/233 78/230/230 76/234/234
f 79/235/235 70/236/236 77/237/237
f 77/237/237 70/236/236 69/238/238
f 77/237/237 69/238/238 73/239/239
f 73/239/239 75/240/240 77/237/237
g Cuerpo7

v 21.000000 14.400000 0.000000
v 17.700000 14.400000 0.000000
v 17.700000 14.400000 2.000000
v 21.000000 14.400000 2.000000
v 21.000000 8.900000 0.000000
v 21.000000 8.900000 2.000000
v 20.000000 8.900000 0.000000
v 20.000000 8.900000 2.000000
v 20.000000 8.800000 0.000000
v 20.000000 8.800000 2.000000
v 17.700000 8.800000 0.000000
v 17.700000 8.800000 2.000000
vt -0.000000 0.000000 0.000000
vt 3.300000 0.000000 0.000000
vt -0.000000 2.000000 0.000000
vt 3.300000 2.000000 0.000000
vt 0.000000 0.000000 0.000000
vt 5.500000 0.000000 0.000000
vt 0.000000 2.000000 0.000000
vt 5.500000 2.000000 0.000000
vt 0.000000 0.000000 0.000000
vt 1.000000 0.000000 0.000000
vt 0.000000 2.000000 0.000000
vt 1.000000 2.000000 0.000000
vt 0.000000 0.000000 0.000000
vt 0.100000 0.000000 0.000000
vt 0.000000 2.000000 0.000000
vt 0.100000 2.000000 0.000000
vt 0.000000 0.000000 0.000000
vt 2.300000 0.000000 0.000000
vt 0.000000 2.000000 0.000000
vt 2.300000 2.000000 0.000000
vt 0.000000 0.000000 0.000000
vt 5.600000 0.000000 0.000000
vt 0.000000 2.000000 0.000000
vt 5.600000 2.000000 0.000000
vt 1.650000 2.800000 0.000000
vt -1.650000 2.800000 0.000000
vt 0.650000 -2.700000 0.000000
vt -1.650000 -2.800000 0.000000
vt 0.650000 -2.800000 0.000000
vt 1.650000 -2.700000 0.000000
vt -0.650000 -2.800000 0.000000
vt 1.650000 -2.800000 0.000000
vt -0.650000 -2.700000 0.000000
vt 1.650000 2.800000 0.000000
vt -1.650000 2.800000 0.000000
vt -1.650000 -2.700000 0.000000
vn 0.000000 1.000000 0.000000
vn 0.000000 1.000000 0.000000
vn 0.000000 1.000000 0.000000
vn 0.000000 1.000000 0.000000
vn 1.000000 -0.000000 0.000000
vn 1.000000 -0.000000 0.000000
vn 1.000000 -0.000000 0.000000
vn 1.000000 -0.000000 0.000000
vn 0.000000 -1.000000 0.000000
vn 0.000000 -1.000000 0.000000
vn 0.000000 -1.000000 0.000000
vn 0.000000 -1.000000 0.000000
vn 1.000000 0.000001 -0.000000
vn 1.000000 0.000001 -0.000000
vn 1.000000 0.000001 -0.000000
vn 1.000000 0.000001 -0.000000
vn 0.000000 -1.000000 0.000000
vn 0.000000 -1.000000 0.000000
vn 0.000000 -1.000000 0.000000
vn 0.000000 -1.000000 0.000000
vn -1.000000 0.000000 0.000000
vn -1.000000 0.000000 0.000000
vn -1.000000 0.000000 0.000000
vn -1.000000 0.000000 0.000000
vn 0.000000 0.000000 1.000000
vn 0.000000 0.000000 1.000000
vn 0.000000 0.000000 1.000000
vn 0.000000 0.000000 1.000000
vn 0.000000 0.000000 1.000000
vn 0.000000 0.000000 1.000000
vn 0.000000 -0.000000 -1.000000
vn 0.000000 -0.000000 -1.000000
vn 0.000000 -0.000000 -1.000000
vn 0.000000 -0.000000 -1.000000
vn 0.000000 -0.000000 -1.000000
vn 0.000000 -0.000000 -1.000000
f 81/241/241 82/242/242 84/243/243
f 84/243/243 82/242/242 83/244/244
f 85/245/245 81/246/246 86/247/247
f 86/247/247 81/246/246 84/248/248
f 87/249/249 85/250/250 88/251/251
f 88/251/251 85/250/250 86/252/252
f 89/253/253 87/254/254 90/255/255
f 90/255/255 87/254/254 88/256/256
f 91/257/257 89/258/258 92/259/259
f 92/259/259 89/258/258 90/260/260
f 82/261/261 91/262/262 83/263/263
f 83/263/263 91/262/262 92/264/264
f 84/265/265 83/266/266 88/267/267
f 88/267/267 83/266/266 92/268/268
f 88/267/267 92/268/268 90/269/269
f 88/267/267 86/270/270 84/265/265
f 89/271/271 91/272/272 87/273/273
f 87/273/273 91/272/272 82/274/274
f 87/273/273 82/274/274 81/275/275
f 81/275/275 85/276/276 87/273/273
g Cuerpo8

v 35.000000 14.400000 0.000000
v 31.700000 14.400000 0.000000
v 31.700000 14.400000 2.000000
v 35.000000 14.400000 2.000000
v 35.000000 8.900000 0.000000
v 35.000000 8.900000 2.000000
v 34.000000 8.900000 0.000000
v 34.000000 8.900000 2.000000
v 34.000000 8.800000 0.000000
v 34.000000 8.800000 2.000000
v 31.700000 8.800000 0.000000
v 31.700000 8.800000 2.000000
vt -0.000000 0.000000 0.000000
vt 3.300000 0.000000 0.000000
vt -0.000000 2.000000 0.000000
vt 3.300000 2.000000 0.000000
vt 0.000000 0.000000 0.000000
vt 5.500000 0.000000 0.000000
vt 0.000000 2.000000 0.000000
vt 5.500000 2.000000 0.000000
vt 0.000000 0.000000 0.000000
vt 1.000000 0.000000 0.000000
vt 0.000000 2.000000 0.000000
vt 1.000000 2.000000 0.000000
vt 0.000000 0.000000 0.000000
vt 0.100000 0.000000 0.000000
vt 0.000000 2.000000 0.000000
vt 0.100000 2.000000 0.000000
vt 0.000000 0.000000 0.000000
vt 2.300000 0.000000 0.000000
vt 0.000000 2.000000 0.000000
vt 2.300000 2.000000 0.000000
vt 0.000000 0.000000 0.000000
vt 5.600000 0.000000 0.000000
vt 0.000000 2.000000 0.000000
vt 5.600000 2.000000 0.000000
vt 1.650000 2.800000 0.000000
vt -1.650000 2.800000 0.000000
vt 0.650000 -2.700000 0.000000
vt -1.650000 -2.800000 0.000000
vt 0.650000 -2.800000 0.000000
vt 1.650000 -2.700000 0.000000
vt -0.650000 -2.800000 0.000000
vt 1.650000 -2.800000 0.000000
vt -0.650000 -2.700000 0.000000
vt 1.650000 2.800000 0.000000
vt -1.650000 2.800000 0.000000
vt -1.650000 -2.700000 0.000000
vn 0.000000 1.000000 0.000000
vn 0.000000 1.000000 0.000000
vn 0.000000 1.000000 0.000000
vn 0.000000 1.000000 0.000000
vn 1.000000 -0.000000 0.000000
vn 1.000000 -0.000000 0.000000
vn 1.000000 -0.000000 0.000000
vn 1.000000 -0.000000 0.000000
vn 0.000000 -1.000000 0.000000
vn 0.000000 -1.000000 0.000000
vn 0.000000 -1.000000 0.000000
vn 0.000000 -1.000000 0.000000
vn 1.000000 0.000001 -0.000000
vn 1.000000 0.000001 -0.000000
vn 1.000000 0.000001 -0.000000
vn 1.000000 0.000001 -0.000000
vn 0.000000 -1.000000 0.000000
vn 0.000000 -1.000000 0.000000
vn 0.000000 -1.000000 0.000000
vn 0.000000 -1.000000 0.000000
vn -1.000000 0.000000 0.000000
vn -1.000000 0.000000 0.000000
vn -1.000000 0.000000 0.000000
vn -1.000000 0.000000 0.000000
vn 0.000000 0.000000 1.000000
vn 0.000000 0.000000 1.000000
vn 0.000000 0.000000 1.000000
vn 0.000000 0.000000 1.000000
vn 0.000000 0.000000 1.000000
vn 0.000000 0.000000 1.000000
vn 0.000000 -0.000000 -1.000000
vn 0.000000 -0.000000 -1.000000
vn 0.000000 -0.000000 -1.000000
vn 0.000000 -0.000000 -1.000000
vn 0.000000 -0.000000 -1.000000
vn 0.000000 -0.000000 -1.000000
f 93/277/277 94/278/278 96/279/279
f 96/279/279 94/278/278 95/280/280
f 97/281/281 93/282/282 98/283/283
f 98/283/283 93/282/282 96/284/284
f 99/285/285 97/286/286 100/287/287
f 100/287/287 97/286/286 98/288/288
f 101/289/289 99/290/290 102/291/291
f 102/291/291 99/290/290 100/292/292
f 103/293/293 101/294/294 104/295/295
f 104/295/295 101/294/294 102/296/296
f 94/297/297 103/298/298 95/299/299
f 95/299/299 103/298/298 104/300/300
f 96/301/301 95/302/302 100/303/303
f 100/303/303 95/302/302 104/304/304
f 100/303/303 104/304/304 102/305/305
f 100/303/303 98/306/306 96/301/301
f 101/307/307 103/308/308 99/309/309
f 99/309/309 103/308/308 94/310/310
f 99/309/309 94/310/310 93/311/311
f 93/311/311 97/312/312 99/309/309
g Cuerpo9

v 2.800000 0.700000 0.000000
v 2.800000 3.300000 0.000000
v 2.800000 3.300000 2.000000
v 2.800000 0.700000 2.000000
v 0.502012 0.700000 0.000000
v 0.502012 0.700000 2.000000
v 0.502012 3.300000 0.000000
v 0.502012 3.300000 2.000000
vt 0.000000 0.000000 0.000000
vt 2.600000 0.000000 0.000000
vt 0.000000 2.000000 0.000000
vt 2.600000 2.000000 0.000000
vt 0.000000 0.000000 0.000000
vt 2.297988 0.000000 0.000000
vt 0.000000 2.000000 0.000000
vt 2.297988 2.000000 0.000000
vt 0.000000 0.000000 0.000000
vt 2.600000 0.000000 0.000000
vt 0.000000 2.000000 0.000000
vt 2.600000 2.000000 0.000000
vt 0.000000 0.000000 0.000000
vt 2.297988 0.000000 0.000000
vt 0.000000 2.000000 0.000000
vt 2.297988 2.000000 0.000000
vt 1.148994 1.300000 0.000000
vt -1.148994 1.300000 0.000000
vt 1.148994 -1.300000 0.000000
vt -1.148994 -1.300000 0.000000
vt 1.148994 1.300000 0.000000
vt -1.148994 1.300000 0.000000
vt 1.148994 -1.300000 0.000000
vt -1.148994 -1.300000 0.000000
vn 1.000000 0.000000 -0.000000
vn 1.000000 0.000000 -0.000000
vn 1.000000 0.000000 -0.000000
vn 1.000000 0.000000 -0.000000
vn 0.000000 -1.000000 0.000000
vn 0.000000 -1.000000 0.000000
vn 0.000000 -1.000000 0.000000
vn 0.000000 -1.000000 0.000000
vn -1.000000 0.000000 0.000000
vn -1.000000 0.000000 0.000000
vn -1.000000 0.000000 0.000000
vn -1.000000 0.000000 0.000000
vn 0.000000 1.000000 -0.000000
vn 0.000000 1.000000 -0.000000
vn 0.000000 1.000000 -0.000000
vn 0.000000 1.000000 -0.000000
vn 0.000000 0.000000 1.000000
vn 0.000000 0.000000 1.000000
vn 0.000000 0.000000 1.000000
vn 0.000000 0.000000 1.000000
vn -0.000000 -0.000000 -1.000000
vn -0.000000 -0.000000 -1.000000
vn -0.000000 -0.000000 -1.000000
vn -0.000000 -0.000000 -1.000000
f 105/313/313 106/314/314 108/315/315
f 108/315/315 106/314/314 107/316/316
f 109/317/317 105/318/318 110/319/319
f 110/319/319 105/318/318 108/320/320
f 111/321/321 109/322/322 112/323/323
f 112/323/323 109/322/322 110/324/324
f 106/325/325 111/326/326 107/327/327
f 107/327/327 111/326/326 112/328/328
f 107/329/329 112/330/330 108/331/331
f 108/331/331 112/330/330 110/332/332
f 111/333/333 106/334/334 109/335/335
f 109/335/335 106/334/334 105/336/336
g Cuerpo10

v 21.000000 0.700000 0.000000
v 21.000000 6.200000 0.000000
v 21.000000 6.200000 2.000000
v 21.000000 0.700000 2.000000
v 17.700000 0.700000 0.000000
v 17.700000 0.700000 2.000000
v 17.700000 6.300000 0.000000
v 17.700000 6.300000 2.000000
v 19.999977 6.300000 0.000000
v 19.999977 6.300000 2.000000
v 20.000000 6.200000 0.000000
v 20.000000 6.200000 2.000000
vt 0.000000 0.000000 0.000000
vt 5.500000 0.000000 0.000000
vt 0.000000 2.000000 0.000000
vt 5.500000 2.000000 0.000000
vt 0.000000 0.000000 0.000000
vt 3.300000 0.000000 0.000000
vt 0.000000 2.000000 0.000000
vt 3.300000 2.000000 0.000000
vt 0.000000 0.000000 0.000000
vt 5.600000 0.000000 0.000000
vt 0.000000 2.000000 0.000000
vt 5.600000 2.000000 0.000000
vt 0.000000 0.000000 0.000000
vt 2.299977 0.000000 0.000000
vt 0.000000 2.000000 0.000000
vt 2.299977 2.000000 0.000000
vt 0.000000 0.000000 0.000000
vt 0.100000 0.000000 0.000000
vt 0.000000 2.000000 0.000000
vt 0.100000 2.000000 0.000000
vt 0.000000 0.000000 0.000000
vt 1.000000 0.000000 0.000000
vt 0.000000 2.000000 0.000000
vt 1.000000 2.000000 0.000000
vt 1.650000 2.700000 0.000000
vt 0.650000 2.700000 0.000000
vt 1.650000 -2.800000 0.000000
vt -1.650000 -2.800000 0.000000
vt -1.650000 2.800000 0.000000
vt 0.649977 2.800000 0.000000
vt -1.650000 2.700000 0.000000
vt -1.650000 -2.800000 0.000000
vt -0.650000 2.700000 0.000000
vt 1.650000 -2.800000 0.000000
vt 1.650000 2.800000 0.000000
vt -0.649977 2.800000 0.000000
vn 1.000000 -0.000000 0.000000
vn 1.000000 -0.000000 0.000000
vn 1.000000 -0.000000 0.000000
vn 1.000000 -0.000000 0.000000
vn 0.000000 -1.000000 0.000000
vn 0.000000 -1.000000 0.000000
vn 0.000000 -1.000000 0.000000
vn 0.000000 -1.000000 0.000000
vn -1.000000 0.000000 0.000000
vn -1.000000 0.000000 0.000000
vn -1.000000 0.000000 0.000000
vn -1.000000 0.000000 0.000000
vn 0.000000 1.000000 -0.000000
vn 0.000000 1.000000 -0.000000
vn 0.000000 1.000000 -0.000000
vn 0.000000 1.000000 -0.000000
vn 1.000000 0.000234 -0.000000
vn 1.000000 0.000234 -0.000000
vn 1.000000 0.000234 -0.000000
vn 1.000000 0.000234 -0.000000
vn 0.000000 1.000000 -0.000000
vn 0.000000 1.000000 -0.000000
vn 0.000000 1.000000 -0.000000
vn 0.000000 1.000000 -0.000000
vn 0.000000 0.000000 1.000000
vn 0.000000 0.000000 1.000000
vn 0.000000 0.000000 1.000000
vn 0.000000 0.000000 1.000000
vn 0.000000 0.000000 1.000000
vn 0.000000 0.000000 1.000000
vn -0.000000 0.000000 -1.000000
vn -0.000000 0.000000 -1.000000
vn -0.000000 0.000000 -1.000000
vn -0.000000 0.000000 -1.000000
vn -0.000000 0.000000 -1.000000
vn -0.000000 0.000000 -1.000000
f 113/337/337 114/338/338 116/339/339
f 116/339/339 114/338/338 115/340/340
f 117/341/341 113/342/342 118/343/343
f 118/343/343 113/342/342 116/344/344
f 119/345/345 117/346/346 120/347/347
f 120/347/347 117/346/346 118/348/348
f 121/349/349 119/350/350 122/351/351
f 122/351/351 119/350/350 120/352/352
f 123/353/353 121/354/354 124/355/355
f 124/355/355 121/354/354 122/356/356
f 114/357/357 123/358/358 115/359/359
f 115/359/359 123/358/358 124/360/360
f 115/361/361 124/362/362 116/363/363
f 116/363/363 124/362/362 118/364/364
f 118/364/364 124/362/362 120/365/365
f 120/365/365 124/362/362 122/366/366
f 114/367/367 113/368/368 123/369/369
f 123/369/369 113/368/368 117/370/370
f 123/369/369 117/370/370 119/371/371
f 119/371/371 121/372/372 123/369/369
g Cuerpo11

v 35.000000 0.700000 0.000000
v 35.000000 6.200000 0.000000
v 35.000000 6.200000 2.000000
v 35.000000 0.700000 2.000000
v 31.700000 0.700000 0.000000
v 31.700000 0.700000 2.000000
v 31.700000 6.300000 0.000000
v 31.700000 6.300000 2.000000
v 33.999977 6.300000 0.000000
v 33.999977 6.300000 2.000000
v 34.000000 6.200000 0.000000
v 34.000000 6.200000 2.000000
vt 0.000000 0.000000 0.000000
vt 5.500000 0.000000 0.000000
vt 0.000000 2.000000 0.000000
vt 5.500000 2.000000 0.000000
vt 0.000000 0.000000 0.000000
vt 3.300000 0.000000 0.000000
vt 0.000000 2.000000 0.000000
vt 3.300000 2.000000 0.000000
vt 0.000000 0.000000 0.000000
vt 5.600000 0.000000 0.000000
vt 0.000000 2.000000 0.000000
vt 5.600000 2.000000 0.000000
vt 0.000000 0.000000 0.000000
vt 2.299977 0.000000 0.000000
vt 0.000000 2.000000 0.000000
vt 2.299977 2.000000 0.000000
vt 0.000000 0.000000 0.000000
vt 0.100000 0.000000 0.000000
vt 0.000000 2.000000 0.000000
vt 0.100000 2.000000 0.000000
vt 0.000000 0.000000 0.000000
vt 1.000000 0.000000 0.000000
vt 0.000000 2.000000 0.000000
vt 1.000000 2.000000 0.000000
vt 1.650000 2.700000 0.000000
vt 0.650000 2.700000 0.000000
vt 1.650000 -2.800000 0.000000
vt -1.650000 -2.800000 0.000000
vt -1.650000 2.800000 0.000000
vt 0.649977 2.800000 0.000000
vt -1.650000 2.700000 0.000000
vt -1.650000 -2.800000 0.000000
vt -0.650000 2.700000 0.000000
vt 1.650000 -2.800000 0.000000
vt 1.650000 2.800000 0.000000
vt -0.649977 2.800000 0.000000
vn 1.000000 -0.000000 0.000000
vn 1.000000 -0.000000 0.000000
vn 1.000000 -0.000000 0.000000
vn 1.000000 -0.000000 0.000000
vn 0.000000 -1.000000 0.000000
vn 0.000000 -1.000000 0.000000
vn 0.000000 -1.000000 0.000000
vn 0.000000 -1.000000 0.000000
vn -1.000000 0.000000 0.000000
vn -1.000000 0.000000 0.000000
vn -1.000000 0.000000 0.000000
vn -1.000000 0.000000 0.000000
vn 0.000000 1.000000 -0.000000
vn 0.000000 1.000000 -0.000000
vn 0.000000 1.000000 -0.000000
vn 0.000000 1.000000 -0.000000
vn 1.000000 0.000234 -0.000000
vn 1.000000 0.000234 -0.000000
vn 1.000000 0.000234 -0.000000
vn 1.000000 0.000234 -0.000000
vn 0.000000 1.000000 -0.000000
vn 0.000000 1.000000 -0.000000
vn 0.000000 1.000000 -0.000000
vn 0.000000 1.000000 -0.000000
vn 0.000000 0.000000 1.000000
vn 0.000000 0.000000 1.000000
vn 0.000000 0.000000 1.000000
vn 0.000000 0.000000 1.000000
vn 0.000000 0.000000 1.000000
vn 0.000000 0.000000 1.000000
vn -0.000000 0.000000 -1.000000
vn -0.000000 0.000000 -1.000000
vn -0.000000 0.000000 -1.000000
vn -0.000000 0.000000 -1.000000
vn -0.000000 0.000000 -1.000000
vn -0.000000 0.000000 -1.000000
f 125/373/373 126/374/374 128/375/375
f 128/375/375 126/374/374 127/376/376
f 129/377/377 125/378/378 130/379/379
f 130/379/379 125/378/378 128/380/380
f 131/381/381 129/382/382 132/383/383
f 132/383/383 129/382/382 130/384/384
f 133/385/385 131/386/386 134/387/387
f 134/387/387 131/386/386 132/388/388
f 135/389/389 133/390/390 136/391/391
f 136/391/391 133/390/390 134/392/392
f 126/393/393 135/394/394 127/395/395
f 127/395/395 135/394/394 136/396/396
f 127/397/397 136/398/398 128/399/399
f 128/399/399 136/398/398 130/400/400
f 130/400/400 136/398/398 132/401/401
f 132/401/401 136/398/398 134/402/402
f 126/403/403 125/404/404 135/405/405
f 135/405/405 125/404/404 129/406/406
f 135/405/405 129/406/406 131/407/407
f 131/407/407 133/408/408 135/405/405
g Cuerpo12

v 42.500001 5.100000 2.000000
v 42.500001 5.100000 0.000000
v 42.500001 4.500000 0.000000
v 42.500001 4.500000 2.000000
v 42.400001 4.500000 0.000000
v 42.400001 4.500000 2.000000
v 42.400001 0.700000 2.000000
v 45.900001 0.700000 2.000000
v 45.900001 4.500000 2.000000
v 44.500001 4.500000 2.000000
v 44.500001 5.100000 2.000000
v 42.400001 0.700000 0.000000
v 44.500001 5.100000 0.000000
v 44.500001 4.500000 0.000000
v 45.900001 4.500000 0.000000
v 45.900001 0.700000 0.000000
vt -0.600000 0.000000 0.000000
vt -0.000000 0.000000 0.000000
vt -0.600000 2.000000 0.000000
vt -0.000000 2.000000 0.000000
vt -2.200000 2.000000 0.000000
vt -2.300000 2.000000 0.000000
vt -2.200000 0.000000 0.000000
vt -2.300000 0.000000 0.000000
vt 2.200001 1.500000 0.000000
vt 0.200001 1.500000 0.000000
vt 2.200001 0.900000 0.000000
vt 0.200001 0.900000 0.000000
vt 0.100001 -2.900000 0.000000
vt 0.100001 0.900000 0.000000
vt 3.600001 -2.900000 0.000000
vt 3.600001 0.900000 0.000000
vt -0.000000 0.000000 0.000000
vt 3.800000 0.000000 0.000000
vt -0.000000 2.000000 0.000000
vt 3.800000 2.000000 0.000000
vt -0.000000 0.000000 0.000000
vt 2.000000 0.000000 0.000000
vt -0.000000 2.000000 0.000000
vt 2.000000 2.000000 0.000000
vt 0.000000 0.000000 0.000000
vt 0.600000 0.000000 0.000000
vt 0.000000 2.000000 0.000000
vt 0.600000 2.000000 0.000000
vt 0.000000 0.000000 0.000000
vt 1.400000 0.000000 0.000000
vt 0.000000 2.000000 0.000000
vt 1.400000 2.000000 0.000000
vt 0.000000 0.000000 0.000000
vt 3.800000 0.000000 0.000000
vt 0.000000 2.000000 0.000000
vt 3.800000 2.000000 0.000000
vt 0.000000 0.000000 0.000000
vt 3.500000 0.000000 0.000000
vt 0.000000 2.000000 0.000000
vt 3.500000 2.000000 0.000000
vt -0.200001 1.500000 0.000000
vt -2.200001 0.900000 0.000000
vt -0.200001 0.900000 0.000000
vt -0.100001 -2.900000 0.000000
vt -0.100001 0.900000 0.000000
vt -2.200001 1.500000 0.000000
vt -3.600001 0.900000 0.000000
vt -3.600001 -2.900000 0.000000
vn -1.000000 -0.000000 -0.000000
vn -1.000000 -0.000000 -0.000000
vn -1.000000 -0.000000 -0.000000
vn -1.000000 -0.000000 -0.000000
vn -0.000000 1.000000 -0.000000
vn -0.000000 1.000000 -0.000000
vn -0.000000 1.000000 -0.000000
vn -0.000000 1.000000 -0.000000
vn 0.000000 0.000000 1.000000
vn 0.000000 0.000000 1.000000
vn 0.000000 0.000000 1.000000
vn 0.000000 0.000000 1.000000
vn 0.000000 0.000000 1.000000
vn 0.000000 0.000000 1.000000
vn 0.000000 0.000000 1.000000
vn 0.000000 0.000000 1.000000
vn -1.000000 0.000000 0.000000
vn -1.000000 0.000000 0.000000
vn -1.000000 0.000000 0.000000
vn -1.000000 0.000000 0.000000
vn 0.000000 1.000000 0.000000
vn 0.000000 1.000000 0.000000
vn 0.000000 1.000000 0.000000
vn 0.000000 1.000000 0.000000
vn 1.000000 0.000000 0.000000
vn 1.000000 0.000000 0.000000
vn 1.000000 0.000000 0.000000
vn 1.000000 0.000000 0.000000
vn 0.000000 1.000000 -0.000000
vn 0.000000 1.000000 -0.000000
vn 0.000000 1.000000 -0.000000
vn 0.000000 1.000000 -0.000000
vn 1.000000 0.000000 0.000000
vn 1.000000 0.000000 0.000000
vn 1.000000 0.000000 0.000000
vn 1.000000 0.000000 0.000000
vn 0.000000 -1.000000 0.000000
vn 0.000000 -1.000000 0.000000
vn 0.000000 -1.000000 0.000000
vn 0.000000 -1.000000 0.000000
vn 0.000000 -0.000000 -1.000000
vn 0.000000 -0.000000 -1.000000
vn 0.000000 -0.000000 -1.000000
vn 0.000000 -0.000000 -1.000000
vn 0.000000 -0.000000 -1.000000
vn 0.000000 -0.000000 -1.000000
vn 0.000000 -0.000000 -1.000000
vn 0.000000 -0.000000 -1.000000
f 138/409/409 139/410/410 137/411/411
f 137/411/411 139/410/410 140/412/412
f 142/413/413 140/414/414 141/415/415
f 141/415/415 140/414/414 139/416/416
f 147/417/417 137/418/418 146/419/419
f 146/419/419 137/418/418 140/420/420
f 146/419/419 140/420/420 143/421/421
f 143/421/421 140/420/420 142/422/422
f 143/421/421 144/423/423 146/419/419
f 146/419/419 144/423/423 145/424/424
f 141/425/425 148/426/426 142/427/427
f 142/427/427 148/426/426 143/428/428
f 149/429/429 138/430/430 147/431/431
f 147/431/431 138/430/430 137/432/432
f 150/433/433 149/434/434 146/435/435
f 146/435/435 149/434/434 147/436/436
f 151/437/437 150/438/438 145/439/439
f 145/439/439 150/438/438 146/440/440
f 152/441/441 151/442/442 144/443/443
f 144/443/443 151/442/442 145/444/444
f 148/445/445 152/446/446 143/447/447
f 143/447/447 152/446/446 144/448/448
f 138/449/449 150/450/450 139/451/451
f 139/451/451 150/450/450 148/452/452
f 139/451/451 148/452/452 141/453/453
f 138/449/449 149/454/454 150/450/450
f 151/455/455 152/456/456 150/450/450
f 150/450/450 152/456/456 148/452/452
g Cuerpo13

v 28.000000 0.700000 0.000000
v 28.000000 6.200000 0.000000
v 28.000000 6.200000 2.000000
v 28.000000 0.700000 2.000000
v 24.700000 0.700000 0.000000
v 24.700000 0.700000 2.000000
v 24.700000 6.300000 0.000000
v 24.700000 6.300000 2.000000
v 26.999977 6.300000 0.000000
v 26.999977 6.300000 2.000000
v 27.000000 6.200000 0.000000
v 27.000000 6.200000 2.000000
vt 0.000000 0.000000 0.000000
vt 5.500000 0.000000 0.000000
vt 0.000000 2.000000 0.000000
vt 5.500000 2.000000 0.000000
vt 0.000000 0.000000 0.000000
vt 3.300000 0.000000 0.000000
vt 0.000000 2.000000 0.000000
vt 3.300000 2.000000 0.000000
vt 0.000000 0.000000 0.000000
vt 5.600000 0.000000 0.000000
vt 0.000000 2.000000 0.000000
vt 5.600000 2.000000 0.000000
vt 0.000000 0.000000 0.000000
vt 2.299977 0.000000 0.000000
vt 0.000000 2.000000 0.000000
vt 2.299977 2.000000 0.000000
vt 0.000000 0.000000 0.000000
vt 0.100000 0.000000 0.000000
vt 0.000000 2.000000 0.000000
vt 0.100000 2.000000 0.000000
vt 0.000000 0.000000 0.000000
vt 1.000000 0.000000 0.000000
vt 0.000000 2.000000 0.000000
vt 1.000000 2.000000 0.000000
vt 1.650000 2.700000 0.000000
vt 0.650000 2.700000 0.000000
vt 1.650000 -2.800000 0.000000
vt -1.650000 -2.800000 0.000000
vt -1.650000 2.800000 0.000000
vt 0.649977 2.800000 0.000000
vt -1.650000 2.700000 0.000000
vt -1.650000 -2.800000 0.000000
vt -0.650000 2.700000 0.000000
vt 1.650000 -2.800000 0.000000
vt 1.650000 2.800000 0.000000
vt -0.649977 2.800000 0.000000
vn 1.000000 -0.000000 0.000000
vn 1.000000 -0.000000 0.000000
vn 1.000000 -0.000000 0.000000
vn 1.000000 -0.000000 0.000000
vn 0.000000 -1.000000 0.000000
vn 0.000000 -1.000000 0.000000
vn 0.000000 -1.000000 0.000000
vn 0.000000 -1.000000 0.000000
vn -1.000000 0.000000 0.000000
vn -1.000000 0.000000 0.000000
vn -1.000000 0.000000 0.000000
vn -1.000000 0.000000 0.000000
vn 0.000000 1.000000 -0.000000
vn 0.000000 1.000000 -0.000000
vn 0.000000 1.000000 -0.000000
vn 0.000000 1.000000 -0.000000
vn 1.000000 0.000234 -0.000000
vn 1.000000 0.000234 -0.000000
vn 1.000000 0.000234 -0.000000
vn 1.000000 0.000234 -0.000000
vn 0.000000 1.000000 -0.000000
vn 0.000000 1.000000 -0.000000
vn 0.000000 1.000000 -0.000000
vn 0.000000 1.000000 -0.000000
vn 0.000000 0.000000 1.000000
vn 0.000000 0.000000 1.000000
vn 0.000000 0.000000 1.000000
vn 0.000000 0.000000 1.000000
vn 0.000000 0.000000 1.000000
vn 0.000000 0.000000 1.000000
vn -0.000000 0.000000 -1.000000
vn -0.000000 0.000000 -1.000000
vn -0.000000 0.000000 -1.000000
vn -0.000000 0.000000 -1.000000
vn -0.000000 0.000000 -1.000000
vn -0.000000 0.000000 -1.000000
f 153/457/457 154/458/458 156/459/459
f 156/459/459 154/458/458 155/460/460
f 157/461/461 153/462/462 158/463/463
f 158/463/463 153/462/462 156/464/464
f 159/465/465 157/466/466 160/467/467
f 160/467/467 157/466/466 158/468/468
f 161/469/469 159/470/470 162/471/471
f 162/471/471 159/470/470 160/472/472
f 163/473/473 161/474/474 164/475/475
f 164/475/475 161/474/474 162/476/476
f 154/477/477 163/478/478 155/479/479
f 155/479/479 163/478/478 164/480/480
f 155/481/481 164/482/482 156/483/483
f 156/483/483 164/482/482 158/484/484
f 158/484/484 164/482/482 160/485/485
f 160/485/485 164/482/482 162/486/486
f 154/487/487 153/488/488 163/489/489
f 163/489/489 153/488/488 157/490/490
f 163/489/489 157/490/490 159/491/491
f 159/491/491 161/492/492 163/489/489
g Cuerpo14

v 13.000000 6.200000 0.000000
v 12.999977 6.300000 0.000000
v 12.999977 6.300000 2.000000
v 13.000000 6.200000 2.000000
v 14.000000 6.200000 0.000000
v 14.000000 6.200000 2.000000
v 14.000000 0.700000 0.000000
v 14.000000 0.700000 2.000000
v 10.700000 0.700000 0.000000
v 10.700000 0.700000 2.000000
v 10.700000 6.300000 0.000000
v 10.700000 6.300000 2.000000
vt 0.000000 0.000000 0.000000
vt 0.100000 0.000000 0.000000
vt 0.000000 2.000000 0.000000
vt 0.100000 2.000000 0.000000
vt -0.000000 0.000000 0.000000
vt 1.000000 0.000000 0.000000
vt -0.000000 2.000000 0.000000
vt 1.000000 2.000000 0.000000
vt 0.000000 0.000000 0.000000
vt 5.500000 0.000000 0.000000
vt 0.000000 2.000000 0.000000
vt 5.500000 2.000000 0.000000
vt 0.000000 0.000000 0.000000
vt 3.300000 0.000000 0.000000
vt 0.000000 2.000000 0.000000
vt 3.300000 2.000000 0.000000
vt 0.000000 0.000000 0.000000
vt 5.600000 0.000000 0.000000
vt 0.000000 2.000000 0.000000
vt 5.600000 2.000000 0.000000
vt 0.000000 0.000000 0.000000
vt 2.299977 0.000000 0.000000
vt 0.000000 2.000000 0.000000
vt 2.299977 2.000000 0.000000
vt 0.649977 2.800000 0.000000
vt -1.650000 2.800000 0.000000
vt 0.650000 2.700000 0.000000
vt -1.650000 -2.800000 0.000000
vt 1.650000 -2.800000 0.000000
vt 1.650000 2.700000 0.000000
vt -0.649977 2.800000 0.000000
vt -0.650000 2.700000 0.000000
vt 1.650000 2.800000 0.000000
vt 1.650000 -2.800000 0.000000
vt -1.650000 -2.800000 0.000000
vt -1.650000 2.700000 0.000000
vn 1.000000 0.000234 -0.000000
vn 1.000000 0.000234 -0.000000
vn 1.000000 0.000234 -0.000000
vn 1.000000 0.000234 -0.000000
vn 0.000000 1.000000 -0.000000
vn 0.000000 1.000000 -0.000000
vn 0.000000 1.000000 -0.000000
vn 0.000000 1.000000 -0.000000
vn 1.000000 -0.000000 0.000000
vn 1.000000 -0.000000 0.000000
vn 1.000000 -0.000000 0.000000
vn 1.000000 -0.000000 0.000000
vn 0.000000 -1.000000 0.000000
vn 0.000000 -1.000000 0.000000
vn 0.000000 -1.000000 0.000000
vn 0.000000 -1.000000 0.000000
vn -1.000000 0.000000 0.000000
vn -1.000000 0.000000 0.000000
vn -1.000000 0.000000 0.000000
vn -1.000000 0.000000 0.000000
vn 0.000000 1.000000 -0.000000
vn 0.000000 1.000000 -0.000000
vn 0.000000 1.000000 -0.000000
vn 0.000000 1.000000 -0.000000
vn 0.000000 0.000000 1.000000
vn 0.000000 0.000000 1.000000
vn 0.000000 0.000000 1.000000
vn 0.000000 0.000000 1.000000
vn 0.000000 0.000000 1.000000
vn 0.000000 0.000000 1.000000
vn -0.000000 -0.000000 -1.000000
vn -0.000000 -0.000000 -1.000000
vn -0.000000 -0.000000 -1.000000
vn -0.000000 -0.000000 -1.000000
vn -0.000000 -0.000000 -1.000000
vn -0.000000 -0.000000 -1.000000
f 165/493/493 166/494/494 168/495/495
f 168/495/495 166/494/494 167/496/496
f 169/497/497 165/498/498 170/499/499
f 170/499/499 165/498/498 168/500/500
f 171/501/501 169/502/502 172/503/503
f 172/503/503 169/502/502 170/504/504
f 173/505/505 171/506/506 174/507/507
f 174/507/507 171/506/506 172/508/508
f 175/509/509 173/510/510 176/511/511
f 176/511/511 173/510/510 174/512/512
f 166/513/513 175/514/514 167/515/515
f 167/515/515 175/514/514 176/516/516
f 167/517/517 176/518/518 168/519/519
f 168/519/519 176/518/518 174/520/520
f 168/519/519 174/520/520 172/521/521
f 172/521/521 170/522/522 168/519/519
f 166/523/523 165/524/524 175/525/525
f 175/525/525 165/524/524 173/526/526
f 173/526/526 165/524/524 171/527/527
f 171/527/527 165/524/524 169/528/528
g Cuerpo15

v 4.500000 9.500000 1.600000
v 2.500000 9.500000 1.600000
v 2.500000 9.500000 1.700000
v 4.500000 9.500000 1.700000
v 2.500000 9.000000 1.700000
v 4.500000 9.000000 1.700000
v 2.500000 9.000000 0.000000
v 2.500000 10.000000 1.600000
v 2.500000 10.000000 1.500000
v 2.500000 10.500000 1.500000
v 2.500000 10.500000 1.400000
v 2.500000 11.000000 1.400000
v 2.500000 11.000000 1.300000
v 2.500000 11.500000 1.300000
v 2.500000 11.500000 1.200000
v 2.500000 12.000000 1.200000
v 2.500000 12.000000 1.100000
v 2.500000 12.500000 1.100000
v 2.500000 12.500000 1.000000
v 2.500000 13.000000 1.000000
v 2.500000 13.000000 0.900000
v 2.500000 14.000000 0.900000
v 2.500000 14.000000 2.000000
v 2.500000 8.900000 2.000000
v 2.500000 8.900000 0.000000
v 4.500000 10.000000 1.500000
v 4.500000 10.000000 1.600000
v 4.500000 9.000000 0.200000
v 4.500000 10.300000 1.500000
v 4.500000 10.500000 1.400000
v 4.500000 10.500000 1.500000
v 4.500000 10.800000 2.000000
v 4.500000 13.000000 2.000000
v 4.500000 13.000000 1.000000
v 4.500000 12.500000 1.000000
v 4.500000 12.500000 1.100000
v 4.500000 12.000000 1.100000
v 4.500000 12.000000 1.200000
v 4.500000 11.494756 1.200000
v 4.500000 11.494756 1.300000
v 4.500000 11.000000 1.300000
v 4.500000 11.000000 1.400000
v 4.750000 13.000000 0.800000
v 7.000000 13.000000 0.800000
v 7.000000 13.000000 0.900000
v 4.750000 13.000000 0.900000
v 7.000000 14.000000 0.900000
v 7.000000 14.000000 2.000000
v 7.000000 12.497335 0.800000
v 7.000000 12.497335 0.700000
v 7.000000 11.996307 0.700000
v 7.000000 11.996307 0.600000
v 7.000000 11.500000 0.600000
v 7.000000 11.500000 0.500000
v 7.000000 11.000000 0.500000
v 7.000000 11.000000 0.400000
v 7.000000 10.527386 0.400000
v 7.000000 10.527386 0.300000
v 7.000000 10.000000 0.300000
v 7.000000 10.000000 0.200000
v 7.000000 9.491170 0.200000
v 7.000000 9.491170 0.100000
v 7.000000 9.000000 0.100000
v 7.000000 9.000000 2.000000
v 4.750000 13.000000 2.000000
v 4.750000 12.497335 0.700000
v 4.750000 12.497335 0.800000
v 4.750000 11.996307 0.600000
v 4.750000 11.996307 0.700000
v 4.750000 9.000000 0.200000
v 4.750000 10.800000 2.000000
v 4.750000 9.000000 0.100000
v 4.750000 9.491170 0.100000
v 4.750000 9.491170 0.200000
v 4.750000 10.014972 0.200000
v 4.750000 10.014972 0.300000
v 4.750000 10.527386 0.300000
v 4.750000 10.527386 0.400000
v 4.750000 11.000000 0.400000
v 4.750000 11.000000 0.500000
v 4.750000 11.495280 0.500000
v 4.750000 11.495280 0.600000
v 7.000000 14.200000 0.000000
v 2.300000 14.200000 0.000000
v 2.300000 14.200000 2.000000
v 7.000000 14.200000 2.000000
v 7.000000 14.400000 0.000000
v 7.000000 14.400000 2.000000
v 7.200000 14.400000 0.000000
v 7.200000 14.400000 2.000000
v 7.200000 8.900000 0.000000
v 7.200000 8.900000 2.000000
v 7.000000 8.900000 0.000000
v 7.000000 8.900000 2.000000
v 7.000000 9.000000 0.000000
v 2.300000 8.900000 0.000000
v 2.300000 8.900000 2.000000
vt 0.000000 1.600000 0.000000
vt 2.000000 1.600000 0.000000
vt 0.000000 1.700000 0.000000
vt 2.000000 1.700000 0.000000
vt 1.000000 0.250000 0.000000
vt -1.000000 0.250000 0.000000
vt 1.000000 -0.250000 0.000000
vt -1.000000 -0.250000 0.000000
vt 0.100000 0.000000 0.000000
vt 0.100000 1.700000 0.000000
vt 0.000000 0.000000 0.000000
vt 0.000000 2.000000 0.000000
vt 0.600000 1.700000 0.000000
vt 1.100000 1.600000 0.000000
vt 0.600000 1.600000 0.000000
vt 1.100000 1.500000 0.000000
vt 1.600000 1.500000 0.000000
vt 5.100000 2.000000 0.000000
vt 1.600000 1.400000 0.000000
vt 2.100000 1.400000 0.000000
vt 2.100000 1.300000 0.000000
vt 2.600000 1.300000 0.000000
vt 2.600000 1.200000 0.000000
vt 3.100000 1.200000 0.000000
vt 3.100000 1.100000 0.000000
vt 3.600000 1.100000 0.000000
vt 3.600000 1.000000 0.000000
vt 4.100000 1.000000 0.000000
vt 4.100000 0.900000 0.000000
vt 5.100000 0.900000 0.000000
vt 0.000000 1.500000 0.000000
vt 2.000000 1.500000 0.000000
vt 0.000000 1.600000 0.000000
vt 2.000000 1.600000 0.000000
vt 1.000000 0.250000 0.000000
vt -1.000000 0.250000 0.000000
vt 1.000000 -0.250000 0.000000
vt -1.000000 -0.250000 0.000000
vt 0.300000 1.500000 0.000000
vt 0.000000 1.500000 0.000000
vt -1.000000 0.200000 0.000000
vt -0.500000 1.600000 0.000000
vt -1.000000 1.700000 0.000000
vt -0.500000 1.700000 0.000000
vt 0.000000 1.600000 0.000000
vt 0.000000 1.400000 0.000000
vt 2.000000 1.400000 0.000000
vt 0.000000 1.500000 0.000000
vt 2.000000 1.500000 0.000000
vt 1.000000 0.250000 0.000000
vt -1.000000 0.250000 0.000000
vt 1.000000 0.050000 0.000000
vt -1.000000 -0.250000 0.000000
vt 1.000000 -0.250000 0.000000
vt 2.700000 1.500000 0.000000
vt 2.200000 2.000000 0.000000
vt 2.500000 1.500000 0.000000
vt 2.000000 1.400000 0.000000
vt 2.500000 1.400000 0.000000
vt 1.505244 1.300000 0.000000
vt -0.000000 2.000000 0.000000
vt 1.000000 1.200000 0.000000
vt 0.500000 1.100000 0.000000
vt 1.000000 1.100000 0.000000
vt -0.000000 1.000000 0.000000
vt 0.500000 1.000000 0.000000
vt 1.505244 1.200000 0.000000
vt 2.000000 1.300000 0.000000
vt 0.000000 1.300000 0.000000
vt 2.000000 1.300000 0.000000
vt 0.000000 1.400000 0.000000
vt 2.000000 1.400000 0.000000
vt -1.000000 0.250000 0.000000
vt -1.000000 -0.250000 0.000000
vt 1.000000 0.250000 0.000000
vt 1.000000 -0.250000 0.000000
vt 0.000000 1.200000 0.000000
vt 2.000007 1.200000 0.000000
vt 0.000000 1.300000 0.000000
vt 2.000007 1.300000 0.000000
vt -1.000000 0.250000 0.000000
vt -1.000000 -0.250000 0.000000
vt 1.000000 0.244756 0.000000
vt 1.000000 -0.250000 0.000000
vt 0.000000 1.100000 0.000000
vt 2.000000 1.100000 0.000000
vt 0.000000 1.200000 0.000000
vt 2.000000 1.200000 0.000000
vt -1.000000 0.252622 0.000000
vt -1.000000 -0.247378 0.000000
vt 1.000000 0.252622 0.000000
vt 1.000000 -0.252622 0.000000
vt 0.000000 1.000000 0.000000
vt 2.000000 1.000000 0.000000
vt 0.000000 1.100000 0.000000
vt 2.000000 1.100000 0.000000
vt 1.000000 0.250000 0.000000
vt -1.000000 0.250000 0.000000
vt 1.000000 -0.250000 0.000000
vt -1.000000 -0.250000 0.000000
vt -1.000000 0.250000 0.000000
vt -1.000000 -0.250000 0.000000
vt 1.000000 0.250000 0.000000
vt 1.000000 -0.250000 0.000000
vt 2.250000 0.800000 0.000000
vt 4.500000 0.800000 0.000000
vt 2.250000 0.900000 0.000000
vt 4.500000 0.900000 0.000000
vt -2.250000 -0.500000 0.000000
vt 0.000000 -0.500000 0.000000
vt -2.250000 0.500000 0.000000
vt 2.250000 0.500000 0.000000
vt 2.250000 -0.500000 0.000000
vt 0.000000 0.900000 0.000000
vt 4.500000 0.900000 0.000000
vt 0.000000 2.000000 0.000000
vt 4.500000 2.000000 0.000000
vt 0.000000 0.900000 0.000000
vt 1.000000 0.900000 0.000000
vt 0.000000 2.000000 0.000000
vt 1.502665 0.800000 0.000000
vt 5.000000 2.000000 0.000000
vt 2.003693 0.700000 0.000000
vt 2.500000 0.600000 0.000000
vt 2.003693 0.600000 0.000000
vt 1.000000 0.800000 0.000000
vt 1.502665 0.700000 0.000000
vt 2.500000 0.500000 0.000000
vt 3.000000 0.500000 0.000000
vt 3.000000 0.400000 0.000000
vt 3.472614 0.400000 0.000000
vt 3.472614 0.300000 0.000000
vt 4.000000 0.300000 0.000000
vt 4.000000 0.200000 0.000000
vt 4.508830 0.200000 0.000000
vt 4.508830 0.100000 0.000000
vt 5.000000 0.100000 0.000000
vt -0.000000 2.000000 0.000000
vt -0.000000 0.900000 0.000000
vt 0.250000 1.000000 0.000000
vt 2.250000 0.900000 0.000000
vt 2.250000 1.000000 0.000000
vt 0.250000 2.000000 0.000000
vt 0.000000 0.700000 0.000000
vt 2.250000 0.700000 0.000000
vt 0.000000 0.800000 0.000000
vt 2.250000 0.800000 0.000000
vt -1.125000 -0.251333 0.000000
vt 1.125000 -0.251333 0.000000
vt -1.125000 0.251333 0.000000
vt 1.125000 0.251333 0.000000
vt 0.000000 0.600000 0.000000
vt 2.250000 0.600000 0.000000
vt 0.000000 0.700000 0.000000
vt 2.250000 0.700000 0.000000
vt -1.125000 -0.250514 0.000000
vt 1.125000 -0.250514 0.000000
vt -1.125000 0.250514 0.000000
vt 1.125000 0.250514 0.000000
vt -0.062500 -1.272792 0.000000
vt 0.187500 -1.272792 0.000000
vt -0.062500 0.565685 0.000000
vt 0.187500 1.272792 0.000000
vt -0.062500 1.272792 0.000000
vt -0.125000 -0.200000 0.000000
vt 0.125000 -0.200000 0.000000
vt -0.125000 2.000000 0.000000
vt 0.125000 2.000000 0.000000
vt 4.000000 0.800000 0.000000
vt 4.000000 0.900000 0.000000
vt 3.497335 0.800000 0.000000
vt 4.000000 2.000000 0.000000
vt 1.800000 2.000000 0.000000
vt 0.000000 0.200000 0.000000
vt 1.014972 0.300000 0.000000
vt 1.527386 0.400000 0.000000
vt 2.000000 0.500000 0.000000
vt 2.000000 0.400000 0.000000
vt 0.000000 0.100000 0.000000
vt 0.491170 0.100000 0.000000
vt 0.491170 0.200000 0.000000
vt 1.014972 0.200000 0.000000
vt 1.527386 0.300000 0.000000
vt 2.495280 0.500000 0.000000
vt 2.495280 0.600000 0.000000
vt 2.996307 0.600000 0.000000
vt 2.996307 0.700000 0.000000
vt 3.497335 0.700000 0.000000
vt 0.000000 0.500000 0.000000
vt 2.250005 0.500000 0.000000
vt 0.000000 0.600000 0.000000
vt 2.250005 0.600000 0.000000
vt -1.125000 -0.250514 0.000000
vt 1.125000 -0.245794 0.000000
vt -1.125000 0.250514 0.000000
vt 1.125000 0.250514 0.000000
vt 0.000000 0.400000 0.000000
vt 2.250000 0.400000 0.000000
vt 0.000000 0.500000 0.000000
vt 2.250000 0.500000 0.000000
vt -1.125000 -0.250000 0.000000
vt 1.125000 -0.250000 0.000000
vt -1.125000 0.245280 0.000000
vt 1.125000 0.250000 0.000000
vt 0.000000 0.300000 0.000000
vt 2.250000 0.300000 0.000000
vt 0.000000 0.400000 0.000000
vt 2.250000 0.400000 0.000000
vt -1.125000 -0.236307 0.000000
vt 1.125000 -0.236307 0.000000
vt -1.125000 0.236307 0.000000
vt 1.125000 0.236307 0.000000
vt 0.000000 0.200000 0.000000
vt 2.250050 0.200000 0.000000
vt 0.000000 0.300000 0.000000
vt 2.250050 0.300000 0.000000
vt 1.125000 -0.263693 0.000000
vt 1.125000 0.263693 0.000000
vt -1.125000 -0.248721 0.000000
vt -1.125000 0.263693 0.000000
vt 0.000000 0.100000 0.000000
vt 2.250000 0.100000 0.000000
vt 0.000000 0.200000 0.000000
vt 2.250000 0.200000 0.000000
vt 1.125000 -0.261901 0.000000
vt 1.125000 0.246929 0.000000
vt -1.125000 -0.261901 0.000000
vt -1.125000 0.261901 0.000000
vt -1.125000 -0.245585 0.000000
vt 1.125000 -0.245585 0.000000
vt -1.125000 0.245585 0.000000
vt 1.125000 0.245585 0.000000
vt -0.000000 0.000000 0.000000
vt 4.700000 0.000000 0.000000
vt -0.000000 2.000000 0.000000
vt 4.700000 2.000000 0.000000
vt -0.000000 0.000000 0.000000
vt 0.200000 0.000000 0.000000
vt -0.000000 2.000000 0.000000
vt 0.200000 2.000000 0.000000
vt -0.000000 0.000000 0.000000
vt 0.200000 0.000000 0.000000
vt -0.000000 2.000000 0.000000
vt 0.200000 2.000000 0.000000
vt 0.000000 0.000000 0.000000
vt 5.500000 0.000000 0.000000
vt 0.000000 2.000000 0.000000
vt 5.500000 2.000000 0.000000
vt 0.000000 0.000000 0.000000
vt 0.200000 0.000000 0.000000
vt 0.000000 2.000000 0.000000
vt 0.200000 2.000000 0.000000
vt 0.000000 0.000000 0.000000
vt 0.100000 0.000000 0.000000
vt 0.000000 0.100000 0.000000
vt 0.100000 2.000000 0.000000
vt 0.000000 2.000000 0.000000
vt 0.000000 0.000000 0.000000
vt 0.200000 0.000000 0.000000
vt 0.000000 2.000000 0.000000
vt 0.200000 2.000000 0.000000
vt 0.000000 0.000000 0.000000
vt 5.300000 0.000000 0.000000
vt 0.000000 2.000000 0.000000
vt 5.300000 2.000000 0.000000
vt 2.250000 2.550000 0.000000
vt -2.450000 2.550000 0.000000
vt -2.250000 2.350000 0.000000
vt -2.450000 -2.750000 0.000000
vt -2.250000 -2.750000 0.000000
vt 2.250000 2.350000 0.000000
vt 2.450000 2.750000 0.000000
vt 2.250000 2.750000 0.000000
vt 2.450000 -2.750000 0.000000
vt 2.250000 -2.650000 0.000000
vt 2.250000 -2.750000 0.000000
vt 0.250000 0.200000 0.000000
vt 0.000000 0.200000 0.000000
vt 0.250000 0.100000 0.000000
vt -2.000000 0.000000 0.000000
vt 2.500000 0.000000 0.000000
vt 0.000000 1.700000 0.000000
vt -2.000000 1.700000 0.000000
vt 2.500000 0.100000 0.000000
vt 2.125000 -2.000000 0.000000
vt -2.375000 3.200000 0.000000
vt -2.375000 -2.000000 0.000000
vt -2.575000 -2.100000 0.000000
vt -2.375000 -2.100000 0.000000
vt 2.125000 -2.100000 0.000000
vt 2.325000 -2.100000 0.000000
vt 2.325000 3.200000 0.000000
vt -2.375000 3.400000 0.000000
vt -2.575000 3.400000 0.000000
vn 0.000000 1.000000 -0.000000
vn 0.000000 1.000000 -0.000000
vn 0.000000 1.000000 -0.000000
vn 0.000000 1.000000 -0.000000
vn 0.000000 0.000000 1.000000
vn 0.000000 0.000000 1.000000
vn 0.000000 0.000000 1.000000
vn 0.000000 0.000000 1.000000
vn 1.000000 0.000000 0.000000
vn 1.000000 0.000000 0.000000
vn 1.000000 0.000000 0.000000
vn 1.000000 0.000000 0.000000
vn 1.000000 0.000000 0.000000
vn 1.000000 0.000000 0.000000
vn 1.000000 0.000000 0.000000
vn 1.000000 0.000000 0.000000
vn 1.000000 0.000000 0.000000
vn 1.000000 0.000000 0.000000
vn 1.000000 0.000000 0.000000
vn 1.000000 0.000000 0.000000
vn 1.000000 0.000000 0.000000
vn 1.000000 0.000000 0.000000
vn 1.000000 0.000000 0.000000
vn 1.000000 0.000000 0.000000
vn 1.000000 0.000000 0.000000
vn 1.000000 0.000000 0.000000
vn 1.000000 0.000000 0.000000
vn 1.000000 0.000000 0.000000
vn 1.000000 0.000000 0.000000
vn 1.000000 0.000000 0.000000
vn 0.000000 1.000000 -0.000000
vn 0.000000 1.000000 -0.000000
vn 0.000000 1.000000 -0.000000
vn 0.000000 1.000000 -0.000000
vn 0.000000 0.000000 1.000000
vn 0.000000 0.000000 1.000000
vn 0.000000 0.000000 1.000000
vn 0.000000 0.000000 1.000000
vn 1.000000 0.000000 0.000000
vn 1.000000 0.000000 0.000000
vn 1.000000 0.000000 0.000000
vn 1.000000 0.000000 0.000000
vn 1.000000 0.000000 0.000000
vn 1.000000 0.000000 0.000000
vn 1.000000 0.000000 0.000000
vn 0.000000 1.000000 -0.000000
vn 0.000000 1.000000 -0.000000
vn 0.000000 1.000000 -0.000000
vn 0.000000 1.000000 -0.000000
vn 0.000000 0.000000 1.000000
vn 0.000000 0.000000 1.000000
vn 0.000000 0.000000 1.000000
vn 0.000000 0.000000 1.000000
vn 0.000000 0.000000 1.000000
vn -1.000000 0.000000 0.000000
vn -1.000000 0.000000 0.000000
vn -1.000000 0.000000 0.000000
vn -1.000000 0.000000 0.000000
vn -1.000000 0.000000 0.000000
vn -1.000000 0.000000 0.000000
vn -1.000000 0.000000 0.000000
vn -1.000000 0.000000 0.000000
vn -1.000000 0.000000 0.000000
vn -1.000000 0.000000 0.000000
vn -1.000000 0.000000 0.000000
vn -1.000000 0.000000 0.000000
vn -1.000000 0.000000 0.000000
vn -1.000000 0.000000 0.000000
vn 0.000000 1.000000 -0.000000
vn 0.000000 1.000000 -0.000000
vn 0.000000 1.000000 -0.000000
vn 0.000000 1.000000 -0.000000
vn 0.000000 0.000000 1.000000
vn 0.000000 0.000000 1.000000
vn 0.000000 0.000000 1.000000
vn 0.000000 0.000000 1.000000
vn 0.002622 0.999997 -0.000000
vn 0.002622 0.999997 -0.000000
vn 0.002622 0.999997 -0.000000
vn 0.002622 0.999997 -0.000000
vn 0.000000 0.000000 1.000000
vn 0.000000 0.000000 1.000000
vn 0.000000 0.000000 1.000000
vn 0.000000 0.000000 1.000000
vn 0.000000 1.000000 -0.000000
vn 0.000000 1.000000 -0.000000
vn 0.000000 1.000000 -0.000000
vn 0.000000 1.000000 -0.000000
vn 0.000000 0.000000 1.000000
vn 0.000000 0.000000 1.000000
vn 0.000000 0.000000 1.000000
vn 0.000000 0.000000 1.000000
vn 0.000000 1.000000 -0.000000
vn 0.000000 1.000000 -0.000000
vn 0.000000 1.000000 -0.000000
vn 0.000000 1.000000 -0.000000
vn 0.000000 0.000000 1.000000
vn 0.000000 0.000000 1.000000
vn 0.000000 0.000000 1.000000
vn 0.000000 0.000000 1.000000
vn 0.000000 0.000000 1.000000
vn 0.000000 0.000000 1.000000
vn 0.000000 0.000000 1.000000
vn 0.000000 0.000000 1.000000
vn 0.000000 -1.000000 0.000000
vn 0.000000 -1.000000 0.000000
vn 0.000000 -1.000000 0.000000
vn 0.000000 -1.000000 0.000000
vn 0.000000 0.000000 1.000000
vn 0.000000 0.000000 1.000000
vn 0.000000 0.000000 1.000000
vn 0.000000 0.000000 1.000000
vn 0.000000 0.000000 1.000000
vn 0.000000 -1.000000 0.000000
vn 0.000000 -1.000000 0.000000
vn 0.000000 -1.000000 0.000000
vn 0.000000 -1.000000 0.000000
vn -1.000000 0.000000 0.000000
vn -1.000000 0.000000 0.000000
vn -1.000000 0.000000 0.000000
vn -1.000000 0.000000 0.000000
vn -1.000000 0.000000 0.000000
vn -1.000000 0.000000 0.000000
vn -1.000000 0.000000 0.000000
vn -1.000000 0.000000 0.000000
vn -1.000000 0.000000 0.000000
vn -1.000000 0.000000 0.000000
vn -1.000000 0.000000 0.000000
vn -1.000000 0.000000 0.000000
vn -1.000000 0.000000 0.000000
vn -1.000000 0.000000 0.000000
vn -1.000000 0.000000 0.000000
vn -1.000000 0.000000 0.000000
vn -1.000000 0.000000 0.000000
vn -1.000000 0.000000 0.000000
vn -1.000000 0.000000 0.000000
vn -1.000000 0.000000 0.000000
vn 0.000000 1.000000 0.000000
vn 0.000000 1.000000 0.000000
vn 0.000000 1.000000 0.000000
vn 0.000000 1.000000 0.000000
vn 0.000000 1.000000 0.000000
vn 0.000000 1.000000 0.000000
vn 0.000000 -1.000000 0.000000
vn 0.000000 -1.000000 0.000000
vn 0.000000 -1.000000 0.000000
vn 0.000000 -1.000000 0.000000
vn 0.000000 0.000000 1.000000
vn 0.000000 0.000000 1.000000
vn 0.000000 0.000000 1.000000
vn 0.000000 0.000000 1.000000
vn 0.000000 -1.000000 0.000000
vn 0.000000 -1.000000 0.000000
vn 0.000000 -1.000000 0.000000
vn 0.000000 -1.000000 0.000000
vn 0.000000 0.000000 1.000000
vn 0.000000 0.000000 1.000000
vn 0.000000 0.000000 1.000000
vn 0.000000 0.000000 1.000000
vn 0.000000 -0.707107 0.707107
vn 0.000000 -0.707107 0.707107
vn 0.000000 -0.707107 0.707107
vn 0.000000 -0.707107 0.707107
vn 0.000000 -0.707107 0.707107
vn 0.000000 0.000000 1.000000
vn 0.000000 0.000000 1.000000
vn 0.000000 0.000000 1.000000
vn 0.000000 0.000000 1.000000
vn 1.000000 0.000000 -0.000000
vn 1.000000 0.000000 -0.000000
vn 1.000000 0.000000 -0.000000
vn 1.000000 0.000000 -0.000000
vn 1.000000 0.000000 -0.000000
vn 1.000000 0.000000 -0.000000
vn 1.000000 0.000000 -0.000000
vn 1.000000 0.000000 -0.000000
vn 1.000000 0.000000 -0.000000
vn 1.000000 0.000000 -0.000000
vn 1.000000 0.000000 -0.000000
vn 1.000000 0.000000 -0.000000
vn 1.000000 0.000000 -0.000000
vn 1.000000 0.000000 -0.000000
vn 1.000000 0.000000 -0.000000
vn 1.000000 0.000000 -0.000000
vn 1.000000 0.000000 -0.000000
vn 1.000000 0.000000 -0.000000
vn 1.000000 0.000000 -0.000000
vn 1.000000 0.000000 -0.000000
vn 0.002098 -0.999998 0.000000
vn 0.002098 -0.999998 0.000000
vn 0.002098 -0.999998 0.000000
vn 0.002098 -0.999998 0.000000
vn 0.000000 0.000000 1.000000
vn 0.000000 0.000000 1.000000
vn 0.000000 0.000000 1.000000
vn 0.000000 0.000000 1.000000
vn 0.000000 -1.000000 0.000000
vn 0.000000 -1.000000 0.000000
vn 0.000000 -1.000000 0.000000
vn 0.000000 -1.000000 0.000000
vn 0.000000 0.000000 1.000000
vn 0.000000 0.000000 1.000000
vn 0.000000 0.000000 1.000000
vn 0.000000 0.000000 1.000000
vn 0.000000 -1.000000 0.000000
vn 0.000000 -1.000000 0.000000
vn 0.000000 -1.000000 0.000000
vn 0.000000 -1.000000 0.000000
vn 0.000000 0.000000 1.000000
vn 0.000000 0.000000 1.000000
vn 0.000000 0.000000 1.000000
vn 0.000000 0.000000 1.000000
vn -0.006654 -0.999978 0.000000
vn -0.006654 -0.999978 0.000000
vn -0.006654 -0.999978 0.000000
vn -0.006654 -0.999978 0.000000
vn 0.000000 0.000000 1.000000
vn 0.000000 0.000000 1.000000
vn 0.000000 0.000000 1.000000
vn 0.000000 0.000000 1.000000
vn 0.000000 -1.000000 0.000000
vn 0.000000 -1.000000 0.000000
vn 0.000000 -1.000000 0.000000
vn 0.000000 -1.000000 0.000000
vn 0.000000 0.000000 1.000000
vn 0.000000 0.000000 1.000000
vn 0.000000 0.000000 1.000000
vn 0.000000 0.000000 1.000000
vn 0.000000 0.000000 1.000000
vn 0.000000 0.000000 1.000000
vn 0.000000 0.000000 1.000000
vn 0.000000 0.000000 1.000000
vn 0.000000 1.000000 0.000000
vn 0.000000 1.000000 0.000000
vn 0.000000 1.000000 0.000000
vn 0.000000 1.000000 0.000000
vn -1.000000 0.000000 0.000000
vn -1.000000 0.000000 0.000000
vn -1.000000 0.000000 0.000000
vn -1.000000 0.000000 0.000000
vn 0.000000 1.000000 0.000000
vn 0.000000 1.000000 0.000000
vn 0.000000 1.000000 0.000000
vn 0.000000 1.000000 0.000000
vn 1.000000 0.000000 -0.000000
vn 1.000000 0.000000 -0.000000
vn 1.000000 0.000000 -0.000000
vn 1.000000 0.000000 -0.000000
vn 0.000000 -1.000000 0.000000
vn 0.000000 -1.000000 0.000000
vn 0.000000 -1.000000 0.000000
vn 0.000000 -1.000000 0.000000
vn -1.000000 -0.000001 0.000000
vn -1.000000 -0.000001 0.000000
vn -1.000000 -0.000001 0.000000
vn -1.000000 -0.000001 0.000000
vn -1.000000 -0.000001 0.000000
vn 0.000000 -1.000000 0.000000
vn 0.000000 -1.000000 0.000000
vn 0.000000 -1.000000 0.000000
vn 0.000000 -1.000000 0.000000
vn -1.000000 0.000000 0.000000
vn -1.000000 0.000000 0.000000
vn -1.000000 0.000000 0.000000
vn -1.000000 0.000000 0.000000
vn 0.000000 0.000000 1.000000
vn 0.000000 0.000000 1.000000
vn 0.000000 0.000000 1.000000
vn 0.000000 0.000000 1.000000
vn 0.000000 0.000000 1.000000
vn 0.000000 0.000000 1.000000
vn 0.000000 0.000000 1.000000
vn 0.000000 0.000000 1.000000
vn 0.000000 0.000000 1.000000
vn 0.000000 0.000000 1.000000
vn 0.000000 0.000000 1.000000
vn 0.000000 -1.000000 0.000000
vn 0.000000 -1.000000 0.000000
vn 0.000000 -1.000000 0.000000
vn 0.000000 -1.000000 0.000000
vn 0.000000 -1.000000 0.000000
vn 0.000000 -1.000000 0.000000
vn 0.000000 -1.000000 0.000000
vn 0.000000 -1.000000 0.000000
vn -0.000000 -0.000000 -1.000000
vn -0.000000 -0.000000 -1.000000
vn -0.000000 -0.000000 -1.000000
vn -0.000000 -0.000000 -1.000000
vn -0.000000 -0.000000 -1.000000
vn -0.000000 -0.000000 -1.000000
vn -0.000000 -0.000000 -1.000000
vn -0.000000 -0.000000 -1.000000
vn -0.000000 -0.000000 -1.000000
vn -0.000000 -0.000000 -1.000000
f 177/529/529 178/530/530 180/531/531
f 180/531/531 178/530/530 179/532/532
f 180/533/533 179/534/534 182/535/535
f 182/535/535 179/534/534 181/536/536
f 183/537/537 181/538/538 201/539/539
f 201/539/539 181/538/538 200/540/540
f 200/540/540 181/538/538 179/541/541
f 200/540/540 179/541/541 184/542/542
f 184/542/542 179/541/541 178/543/543
f 185/544/544 186/545/545 184/542/542
f 184/542/542 186/545/545 199/546/546
f 184/542/542 199/546/546 200/540/540
f 187/547/547 188/548/548 186/545/545
f 186/545/545 188/548/548 199/546/546
f 189/549/549 190/550/550 188/548/548
f 188/548/548 190/550/550 199/546/546
f 191/551/551 192/552/552 190/550/550
f 190/550/550 192/552/552 199/546/546
f 193/553/553 194/554/554 192/552/552
f 192/552/552 194/554/554 199/546/546
f 195/555/555 196/556/556 194/554/554
f 194/554/554 196/556/556 199/546/546
f 197/557/557 198/558/558 196/556/556
f 196/556/556 198/558/558 199/546/546
f 202/559/559 185/560/560 203/561/561
f 203/561/561 185/560/560 184/562/562
f 203/563/563 184/564/564 177/565/565
f 177/565/565 184/564/564 178/566/566
f 205/567/567 202/568/568 204/569/569
f 204/569/569 202/568/568 177/570/570
f 204/569/569 177/570/570 182/571/571
f 182/571/571 177/570/570 180/572/572
f 202/568/568 203/573/573 177/570/570
f 206/574/574 187/575/575 207/576/576
f 207/576/576 187/575/575 186/577/577
f 207/578/578 186/579/579 205/580/580
f 205/580/580 186/579/579 185/581/581
f 205/580/580 185/581/581 202/582/582
f 205/583/583 208/584/584 207/585/585
f 207/585/585 208/584/584 218/586/586
f 207/585/585 218/586/586 206/587/587
f 218/586/586 208/584/584 216/588/588
f 216/588/588 208/584/584 209/589/589
f 216/588/588 209/589/589 214/590/590
f 214/590/590 209/589/589 212/591/591
f 214/590/590 212/591/591 213/592/592
f 209/589/589 210/593/593 212/591/591
f 212/591/591 210/593/593 211/594/594
f 214/590/590 215/595/595 216/588/588
f 216/588/588 217/596/596 218/586/586
f 217/597/597 189/598/598 218/599/599
f 218/599/599 189/598/598 188/600/600
f 188/601/601 187/602/602 218/603/603
f 218/603/603 187/602/602 206/604/604
f 215/605/605 191/606/606 216/607/607
f 216/607/607 191/606/606 190/608/608
f 190/609/609 189/610/610 216/611/611
f 216/611/611 189/610/610 217/612/612
f 213/613/613 193/614/614 214/615/615
f 214/615/615 193/614/614 192/616/616
f 192/617/617 191/618/618 214/619/619
f 214/619/619 191/618/618 215/620/620
f 211/621/621 195/622/622 212/623/623
f 212/623/623 195/622/622 194/624/624
f 212/625/625 194/626/626 213/627/627
f 213/627/627 194/626/626 193/628/628
f 196/629/629 195/630/630 210/631/631
f 210/631/631 195/630/630 211/632/632
f 219/633/633 220/634/634 222/635/635
f 222/635/635 220/634/634 221/636/636
f 197/637/637 222/638/638 198/639/639
f 198/639/639 222/638/638 223/640/640
f 223/640/640 222/638/638 221/641/641
f 198/642/642 223/643/643 199/644/644
f 199/644/644 223/643/643 224/645/645
f 223/646/646 221/647/647 224/648/648
f 224/648/648 221/647/647 225/649/649
f 224/648/648 225/649/649 240/650/650
f 240/650/650 225/649/649 227/651/651
f 240/650/650 227/651/651 229/652/652
f 229/652/652 227/651/651 228/653/653
f 221/647/647 220/654/654 225/649/649
f 225/649/649 226/655/655 227/651/651
f 230/656/656 231/657/657 229/652/652
f 229/652/652 231/657/657 240/650/650
f 232/658/658 233/659/659 231/657/657
f 231/657/657 233/659/659 240/650/650
f 234/660/660 235/661/661 233/659/659
f 233/659/659 235/661/661 240/650/650
f 236/662/662 237/663/663 235/661/661
f 235/661/661 237/663/663 240/650/650
f 238/664/664 239/665/665 237/663/663
f 237/663/663 239/665/665 240/650/650
f 241/666/666 222/667/667 210/668/668
f 210/668/668 222/667/667 197/669/669
f 210/668/668 197/669/669 196/670/670
f 210/668/668 209/671/671 241/666/666
f 242/672/672 226/673/673 243/674/674
f 243/674/674 226/673/673 225/675/675
f 243/676/676 225/677/677 219/678/678
f 219/678/678 225/677/677 220/679/679
f 244/680/680 228/681/681 245/682/682
f 245/682/682 228/681/681 227/683/683
f 245/684/684 227/685/685 242/686/686
f 242/686/686 227/685/685 226/687/687
f 204/688/688 246/689/689 205/690/690
f 205/690/690 246/689/689 247/691/691
f 205/690/690 247/691/691 208/692/692
f 208/693/693 247/694/694 209/695/695
f 209/695/695 247/694/694 241/696/696
f 219/697/697 222/698/698 243/699/699
f 243/699/699 222/698/698 241/700/700
f 243/699/699 241/700/700 247/701/701
f 246/702/702 252/703/703 247/701/701
f 247/701/701 252/703/703 254/704/704
f 247/701/701 254/704/704 256/705/705
f 256/705/705 254/704/704 255/706/706
f 248/707/707 249/708/708 246/702/702
f 246/702/702 249/708/708 250/709/709
f 246/702/702 250/709/709 252/703/703
f 252/703/703 250/709/709 251/710/710
f 252/703/703 253/711/711 254/704/704
f 257/712/712 258/713/713 256/705/705
f 256/705/705 258/713/713 247/701/701
f 244/714/714 245/715/715 258/713/713
f 258/713/713 245/715/715 247/701/701
f 242/716/716 243/699/699 245/715/715
f 245/715/715 243/699/699 247/701/701
f 257/717/717 230/718/718 258/719/719
f 258/719/719 230/718/718 229/720/720
f 258/721/721 229/722/722 244/723/723
f 244/723/723 229/722/722 228/724/724
f 255/725/725 232/726/726 256/727/727
f 256/727/727 232/726/726 231/728/728
f 256/729/729 231/730/730 257/731/731
f 257/731/731 231/730/730 230/732/732
f 253/733/733 234/734/734 254/735/735
f 254/735/735 234/734/734 233/736/736
f 254/737/737 233/738/738 255/739/739
f 255/739/739 233/738/738 232/740/740
f 251/741/741 236/742/742 252/743/743
f 252/743/743 236/742/742 235/744/744
f 235/745/745 234/746/746 252/747/747
f 252/747/747 234/746/746 253/748/748
f 249/749/749 238/750/750 250/751/751
f 250/751/751 238/750/750 237/752/752
f 237/753/753 236/754/754 250/755/755
f 250/755/755 236/754/754 251/756/756
f 248/757/757 239/758/758 249/759/759
f 249/759/759 239/758/758 238/760/760
f 259/761/761 260/762/762 262/763/763
f 262/763/763 260/762/762 261/764/764
f 263/765/765 259/766/766 264/767/767
f 264/767/767 259/766/766 262/768/768
f 265/769/769 263/770/770 266/771/771
f 266/771/771 263/770/770 264/772/772
f 267/773/773 265/774/774 268/775/775
f 268/775/775 265/774/774 266/776/776
f 269/777/777 267/778/778 270/779/779
f 270/779/779 267/778/778 268/780/780
f 271/781/781 269/782/782 239/783/783
f 239/783/783 269/782/782 270/784/784
f 239/783/783 270/784/784 240/785/785
f 272/786/786 201/787/787 273/788/788
f 273/788/788 201/787/787 200/789/789
f 260/790/790 272/791/791 261/792/792
f 261/792/792 272/791/791 273/793/793
f 262/794/794 261/795/795 199/796/796
f 199/796/796 261/795/795 273/797/797
f 199/796/796 273/797/797 200/798/798
f 199/796/796 224/799/799 262/794/794
f 262/794/794 224/799/799 266/800/800
f 262/794/794 266/800/800 264/801/801
f 266/800/800 224/799/799 268/802/802
f 268/802/802 224/799/799 240/803/803
f 268/802/802 240/803/803 270/804/804
f 246/805/805 204/806/806 248/807/807
f 248/807/807 204/806/806 183/808/808
f 248/807/807 183/808/808 271/809/809
f 182/810/810 181/811/811 204/806/806
f 204/806/806 181/811/811 183/808/808
f 271/809/809 239/812/812 248/807/807
f 183/813/813 259/814/814 271/815/815
f 271/815/815 259/814/814 267/816/816
f 271/815/815 267/816/816 269/817/817
f 201/818/818 272/819/819 183/813/813
f 183/813/813 272/819/819 260/820/820
f 183/813/813 260/820/820 259/814/814
f 263/821/821 265/822/822 259/814/814
f 259/814/814 265/822/822 267/816/816
g Cuerpo16

v 28.000000 14.400000 0.000000
v 24.700000 14.400000 0.000000
v 24.700000 14.400000 2.000000
v 28.000000 14.400000 2.000000
v 28.000000 8.900000 0.000000
v 28.000000 8.900000 2.000000
v 27.000000 8.900000 0.000000
v 27.000000 8.900000 2.000000
v 27.000000 8.800000 0.000000
v 27.000000 8.800000 2.000000
v 24.700000 8.800000 0.000000
v 24.700000 8.800000 2.000000
vt -0.000000 0.000000 0.000000
vt 3.300000 0.000000 0.000000
vt -0.000000 2.000000 0.000000
vt 3.300000 2.000000 0.000000
vt 0.000000 0.000000 0.000000
vt 5.500000 0.000000 0.000000
vt 0.000000 2.000000 0.000000
vt 5.500000 2.000000 0.000000
vt 0.000000 0.000000 0.000000
vt 1.000000 0.000000 0.000000
vt 0.000000 2.000000 0.000000
vt 1.000000 2.000000 0.000000
vt 0.000000 0.000000 0.000000
vt 0.100000 0.000000 0.000000
vt 0.000000 2.000000 0.000000
vt 0.100000 2.000000 0.000000
vt 0.000000 0.000000 0.000000
vt 2.300000 0.000000 0.000000
vt 0.000000 2.000000 0.000000
vt 2.300000 2.000000 0.000000
vt 0.000000 0.000000 0.000000
vt 5.600000 0.000000 0.000000
vt 0.000000 2.000000 0.000000
vt 5.600000 2.000000 0.000000
vt 1.650000 2.800000 0.000000
vt -1.650000 2.800000 0.000000
vt 0.650000 -2.700000 0.000000
vt -1.650000 -2.800000 0.000000
vt 0.650000 -2.800000 0.000000
vt 1.650000 -2.700000 0.000000
vt -0.650000 -2.800000 0.000000
vt 1.650000 -2.800000 0.000000
vt -0.650000 -2.700000 0.000000
vt 1.650000 2.800000 0.000000
vt -1.650000 2.800000 0.000000
vt -1.650000 -2.700000 0.000000
vn 0.000000 1.000000 0.000000
vn 0.000000 1.000000 0.000000
vn 0.000000 1.000000 0.000000
vn 0.000000 1.000000 0.000000
vn 1.000000 -0.000000 0.000000
vn 1.000000 -0.000000 0.000000
vn 1.000000 -0.000000 0.000000
vn 1.000000 -0.000000 0.000000
vn 0.000000 -1.000000 0.000000
vn 0.000000 -1.000000 0.000000
vn 0.000000 -1.000000 0.000000
vn 0.000000 -1.000000 0.000000
vn 1.000000 0.000001 -0.000000
vn 1.000000 0.000001 -0.000000
vn 1.000000 0.000001 -0.000000
vn 1.000000 0.000001 -0.000000
vn 0.000000 -1.000000 0.000000
vn 0.000000 -1.000000 0.000000
vn 0.000000 -1.000000 0.000000
vn 0.000000 -1.000000 0.000000
vn -1.000000 0.000000 0.000000
vn -1.000000 0.000000 0.000000
vn -1.000000 0.000000 0.000000
vn -1.000000 0.000000 0.000000
vn 0.000000 0.000000 1.000000
vn 0.000000 0.000000 1.000000
vn 0.000000 0.000000 1.000000
vn 0.000000 0.000000 1.000000
vn 0.000000 0.000000 1.000000
vn 0.000000 0.000000 1.000000
vn 0.000000 -0.000000 -1.000000
vn 0.000000 -0.000000 -1.000000
vn 0.000000 -0.000000 -1.000000
vn 0.000000 -0.000000 -1.000000
vn 0.000000 -0.000000 -1.000000
vn 0.000000 -0.000000 -1.000000
f 274/823/823 275/824/824 277/825/825
f 277/825/825 275/824/824 276/826/826
f 278/827/827 274/828/828 279/829/829
f 279/829/829 274/828/828 277/830/830
f 280/831/831 278/832/832 281/833/833
f 281/833/833 278/832/832 279/834/834
f 282/835/835 280/836/836 283/837/837
f 283/837/837 280/836/836 281/838/838
f 284/839/839 282/840/840 285/841/841
f 285/841/841 282/840/840 283/842/842
f 275/843/843 284/844/844 276/845/845
f 276/845/845 284/844/844 285/846/846
f 277/847/847 276/848/848 281/849/849
f 281/849/849 276/848/848 285/850/850
f 281/849/849 285/850/850 283/851/851
f 281/849/849 279/852/852 277/847/847
f 282/853/853 284/854/854 280/855/855
f 280/855/855 284/854/854 275/856/856
f 280/855/855 275/856/856 274/857/857
f 274/857/857 278/858/858 280/855/855
g Cuerpo17

v 14.000000 14.400000 0.000000
v 10.700000 14.400000 0.000000
v 10.700000 14.400000 2.000000
v 14.000000 14.400000 2.000000
v 14.000000 8.900000 0.000000
v 14.000000 8.900000 2.000000
v 13.000000 8.900000 0.000000
v 13.000000 8.900000 2.000000
v 13.000000 8.800000 0.000000
v 13.000000 8.800000 2.000000
v 10.700000 8.800000 0.000000
v 10.700000 8.800000 2.000000
vt -0.000000 0.000000 0.000000
vt 3.300000 0.000000 0.000000
vt -0.000000 2.000000 0.000000
vt 3.300000 2.000000 0.000000
vt 0.000000 0.000000 0.000000
vt 5.500000 0.000000 0.000000
vt 0.000000 2.000000 0.000000
vt 5.500000 2.000000 0.000000
vt 0.000000 0.000000 0.000000
vt 1.000000 0.000000 0.000000
vt 0.000000 2.000000 0.000000
vt 1.000000 2.000000 0.000000
vt 0.000000 0.000000 0.000000
vt 0.100000 0.000000 0.000000
vt 0.000000 2.000000 0.000000
vt 0.100000 2.000000 0.000000
vt 0.000000 0.000000 0.000000
vt 2.300000 0.000000 0.000000
vt 0.000000 2.000000 0.000000
vt 2.300000 2.000000 0.000000
vt 0.000000 0.000000 0.000000
vt 5.600000 0.000000 0.000000
vt 0.000000 2.000000 0.000000
vt 5.600000 2.000000 0.000000
vt 1.650000 2.800000 0.000000
vt -1.650000 2.800000 0.000000
vt 0.650000 -2.700000 0.000000
vt -1.650000 -2.800000 0.000000
vt 0.650000 -2.800000 0.000000
vt 1.650000 -2.700000 0.000000
vt -0.650000 -2.800000 0.000000
vt 1.650000 -2.800000 0.000000
vt -0.650000 -2.700000 0.000000
vt 1.650000 2.800000 0.000000
vt -1.650000 2.800000 0.000000
vt -1.650000 -2.700000 0.000000
vn 0.000000 1.000000 0.000000
vn 0.000000 1.000000 0.000000
vn 0.000000 1.000000 0.000000
vn 0.000000 1.000000 0.000000
vn 1.000000 -0.000000 0.000000
vn 1.000000 -0.000000 0.000000
vn 1.000000 -0.000000 0.000000
vn 1.000000 -0.000000 0.000000
vn 0.000000 -1.000000 0.000000
vn 0.000000 -1.000000 0.000000
vn 0.000000 -1.000000 0.000000
vn 0.000000 -1.000000 0.000000
vn 1.000000 0.000001 -0.000000
vn 1.000000 0.000001 -0.000000
vn 1.000000 0.000001 -0.000000
vn 1.000000 0.000001 -0.000000
vn 0.000000 -1.000000 0.000000
vn 0.000000 -1.000000 0.000000
vn 0.000000 -1.000000 0.000000
vn 0.000000 -1.000000 0.000000
vn -1.000000 0.000000 0.000000
vn -1.000000 0.000000 0.000000
vn -1.000000 0.000000 0.000000
vn -1.000000 0.000000 0.000000
vn 0.000000 0.000000 1.000000
vn 0.000000 0.000000 1.000000
vn 0.000000 0.000000 1.000000
vn 0.000000 0.000000 1.000000
vn 0.000000 0.000000 1.000000
vn 0.000000 0.000000 1.000000
vn -0.000000 0.000000 -1.000000
vn -0.000000 0.000000 -1.000000
vn -0.000000 0.000000 -1.000000
vn -0.000000 0.000000 -1.000000
vn -0.000000 0.000000 -1.000000
vn -0.000000 0.000000 -1.000000
f 286/859/859 287/860/860 289/861/861
f 289/861/861 287/860/860 288/862/862
f 290/863/863 286/864/864 291/865/865
f 291/865/865 286/864/864 289/866/866
f 292/867/867 290/868/868 293/869/869
f 293/869/869 290/868/868 291/870/870
f 294/871/871 292/872/872 295/873/873
f 295/873/873 292/872/872 293/874/874
f 296/875/875 294/876/876 297/877/877
f 297/877/877 294/876/876 295/878/878
f 287/879/879 296/880/880 288/881/881
f 288/881/881 296/880/880 297/882/882
f 289/883/883 288/884/884 293/885/885
f 293/885/885 288/884/884 297/886/886
f 293/885/885 297/886/886 295/887/887
f 293/885/885 291/888/888 289/883/883
f 294/889/889 296/890/890 292/891/891
f 292/891/891 296/890/890 287/892/892
f 292/891/891 287/892/892 286/893/893
f 286/893/893 290/894/894 292/891/891
g Cuerpo18

v 14.200000 8.900000 0.000000
v 15.200000 8.900000 0.000000
v 15.200000 8.900000 2.000000
v 14.200000 8.900000 2.000000
v 14.200000 14.400000 0.000000
v 14.200000 14.400000 2.000000
v 17.500000 14.400000 0.000000
v 17.500000 14.400000 2.000000
v 17.500000 8.800000 0.000000
v 17.500000 8.800000 2.000000
v 15.200000 8.800000 0.000000
v 15.200000 8.800000 2.000000
vt 0.000000 0.000000 0.000000
vt 1.000000 0.000000 0.000000
vt 0.000000 2.000000 0.000000
vt 1.000000 2.000000 0.000000
vt -0.000000 0.000000 0.000000
vt 5.500000 0.000000 0.000000
vt -0.000000 2.000000 0.000000
vt 5.500000 2.000000 0.000000
vt -0.000000 0.000000 0.000000
vt 3.300000 0.000000 0.000000
vt -0.000000 2.000000 0.000000
vt 3.300000 2.000000 0.000000
vt 0.000000 0.000000 0.000000
vt 5.600000 0.000000 0.000000
vt 0.000000 2.000000 0.000000
vt 5.600000 2.000000 0.000000
vt 0.000000 0.000000 0.000000
vt 2.300000 0.000000 0.000000
vt 0.000000 2.000000 0.000000
vt 2.300000 2.000000 0.000000
vt -0.000000 0.000000 0.000000
vt 0.100000 0.000000 0.000000
vt -0.000000 2.000000 0.000000
vt 0.100000 2.000000 0.000000
vt -0.650000 -2.800000 0.000000
vt 1.650000 -2.800000 0.000000
vt -0.650000 -2.700000 0.000000
vt 1.650000 2.800000 0.000000
vt -1.650000 2.800000 0.000000
vt -1.650000 -2.700000 0.000000
vt 0.650000 -2.800000 0.000000
vt 0.650000 -2.700000 0.000000
vt -1.650000 -2.800000 0.000000
vt -1.650000 2.800000 0.000000
vt 1.650000 2.800000 0.000000
vt 1.650000 -2.700000 0.000000
vn 0.000000 -1.000000 0.000000
vn 0.000000 -1.000000 0.000000
vn 0.000000 -1.000000 0.000000
vn 0.000000 -1.000000 0.000000
vn -1.000000 0.000000 0.000000
vn -1.000000 0.000000 0.000000
vn -1.000000 0.000000 0.000000
vn -1.000000 0.000000 0.000000
vn 0.000000 1.000000 0.000000
vn 0.000000 1.000000 0.000000
vn 0.000000 1.000000 0.000000
vn 0.000000 1.000000 0.000000
vn 1.000000 0.000000 -0.000000
vn 1.000000 0.000000 -0.000000
vn 1.000000 0.000000 -0.000000
vn 1.000000 0.000000 -0.000000
vn 0.000000 -1.000000 0.000000
vn 0.000000 -1.000000 0.000000
vn 0.000000 -1.000000 0.000000
vn 0.000000 -1.000000 0.000000
vn -1.000000 0.000000 0.000000
vn -1.000000 0.000000 0.000000
vn -1.000000 0.000000 0.000000
vn -1.000000 0.000000 0.000000
vn 0.000000 0.000000 1.000000
vn 0.000000 0.000000 1.000000
vn 0.000000 0.000000 1.000000
vn 0.000000 0.000000 1.000000
vn 0.000000 0.000000 1.000000
vn 0.000000 0.000000 1.000000
vn -0.000000 0.000000 -1.000000
vn -0.000000 0.000000 -1.000000
vn -0.000000 0.000000 -1.000000
vn -0.000000 0.000000 -1.000000
vn -0.000000 0.000000 -1.000000
vn -0.000000 0.000000 -1.000000
f 298/895/895 299/896/896 301/897/897
f 301/897/897 299/896/896 300/898/898
f 302/899/899 298/900/900 303/901/901
f 303/901/901 298/900/900 301/902/902
f 304/903/903 302/904/904 305/905/905
f 305/905/905 302/904/904 303/906/906
f 306/907/907 304/908/908 307/909/909
f 307/909/909 304/908/908 305/910/910
f 308/911/911 306/912/912 309/913/913
f 309/913/913 306/912/912 307/914/914
f 299/915/915 308/916/916 300/917/917
f 300/917/917 308/916/916 309/918/918
f 309/919/919 307/920/920 300/921/921
f 300/921/921 307/920/920 305/922/922
f 300/921/921 305/922/922 303/923/923
f 303/923/923 301/924/924 300/921/921
f 308/925/925 299/926/926 306/927/927
f 306/927/927 299/926/926 304/928/928
f 304/928/928 299/926/926 302/929/929
f 302/929/929 299/926/926 298/930/930
g Cuerpo19

v 31.500000 14.400000 0.000000
v 28.200000 14.400000 0.000000
v 28.200000 14.400000 2.000000
v 31.500000 14.400000 2.000000
v 31.500000 8.800000 0.000000
v 31.500000 8.800000 2.000000
v 29.200000 8.800000 0.000000
v 29.200000 8.800000 2.000000
v 29.200000 8.900000 0.000000
v 29.200000 8.900000 2.000000
v 28.200000 8.900000 0.000000
v 28.200000 8.900000 2.000000
vt -0.000000 0.000000 0.000000
vt 3.300000 0.000000 0.000000
vt -0.000000 2.000000 0.000000
vt 3.300000 2.000000 0.000000
vt 0.000000 0.000000 0.000000
vt 5.600000 0.000000 0.000000
vt 0.000000 2.000000 0.000000
vt 5.600000 2.000000 0.000000
vt 0.000000 0.000000 0.000000
vt 2.300000 0.000000 0.000000
vt 0.000000 2.000000 0.000000
vt 2.300000 2.000000 0.000000
vt -0.000000 0.000000 0.000000
vt 0.100000 0.000000 0.000000
vt -0.000000 2.000000 0.000000
vt 0.100000 2.000000 0.000000
vt 0.000000 0.000000 0.000000
vt 1.000000 0.000000 0.000000
vt 0.000000 2.000000 0.000000
vt 1.000000 2.000000 0.000000
vt 0.000000 0.000000 0.000000
vt 5.500000 0.000000 0.000000
vt 0.000000 2.000000 0.000000
vt 5.500000 2.000000 0.000000
vt -1.650000 -2.700000 0.000000
vt -0.650000 -2.700000 0.000000
vt -1.650000 2.800000 0.000000
vt 1.650000 2.800000 0.000000
vt 1.650000 -2.800000 0.000000
vt -0.650000 -2.800000 0.000000
vt 1.650000 -2.700000 0.000000
vt 1.650000 2.800000 0.000000
vt 0.650000 -2.700000 0.000000
vt -1.650000 2.800000 0.000000
vt -1.650000 -2.800000 0.000000
vt 0.650000 -2.800000 0.000000
vn 0.000000 1.000000 0.000000
vn 0.000000 1.000000 0.000000
vn 0.000000 1.000000 0.000000
vn 0.000000 1.000000 0.000000
vn 1.000000 0.000000 -0.000000
vn 1.000000 0.000000 -0.000000
vn 1.000000 0.000000 -0.000000
vn 1.000000 0.000000 -0.000000
vn 0.000000 -1.000000 0.000000
vn 0.000000 -1.000000 0.000000
vn 0.000000 -1.000000 0.000000
vn 0.000000 -1.000000 0.000000
vn -1.000000 0.000000 0.000000
vn -1.000000 0.000000 0.000000
vn -1.000000 0.000000 0.000000
vn -1.000000 0.000000 0.000000
vn 0.000000 -1.000000 0.000000
vn 0.000000 -1.000000 0.000000
vn 0.000000 -1.000000 0.000000
vn 0.000000 -1.000000 0.000000
vn -1.000000 0.000000 0.000000
vn -1.000000 0.000000 0.000000
vn -1.000000 0.000000 0.000000
vn -1.000000 0.000000 0.000000
vn 0.000000 0.000000 1.000000
vn 0.000000 0.000000 1.000000
vn 0.000000 0.000000 1.000000
vn 0.000000 0.000000 1.000000
vn 0.000000 0.000000 1.000000
vn 0.000000 0.000000 1.000000
vn -0.000000 0.000000 -1.000000
vn -0.000000 0.000000 -1.000000
vn -0.000000 0.000000 -1.000000
vn -0.000000 0.000000 -1.000000
vn -0.000000 0.000000 -1.000000
vn -0.000000 0.000000 -1.000000
f 310/931/931 311/932/932 313/933/933
f 313/933/933 311/932/932 312/934/934
f 314/935/935 310/936/936 315/937/937
f 315/937/937 310/936/936 313/938/938
f 316/939/939 314/940/940 317/941/941
f 317/941/941 314/940/940 315/942/942
f 318/943/943 316/944/944 319/945/945
f 319/945/945 316/944/944 317/946/946
f 320/947/947 318/948/948 321/949/949
f 321/949/949 318/948/948 319/950/950
f 311/951/951 320/952/952 312/953/953
f 312/953/953 320/952/952 321/954/954
f 321/955/955 319/956/956 312/957/957
f 312/957/957 319/956/956 313/958/958
f 313/958/958 319/956/956 315/959/959
f 315/959/959 319/956/956 317/960/960
f 320/961/961 311/962/962 318/963/963
f 318/963/963 311/962/962 310/964/964
f 318/963/963 310/964/964 314/965/965
f 314/965/965 316/966/966 318/963/963
g Cuerpo20

v 2.300000 8.900000 0.000000
v 2.300000 10.896459 0.000000
v 2.300000 10.896459 2.000000
v 2.300000 8.900000 2.000000
v 1.500000 8.900000 0.000000
v 1.500000 8.900000 2.000000
v 1.499987 9.100000 0.000000
v 1.499987 9.100000 2.000000
v 2.099987 9.100038 0.000000
v 2.099987 9.100038 2.000000
v 2.099886 10.700038 0.000000
v 2.099886 10.700038 2.000000
v 0.499886 10.699936 0.000000
v 0.499886 10.699936 2.000000
v 0.496283 9.104118 0.000000
v 0.496283 9.104118 2.000000
v 1.101746 9.104887 0.000000
v 1.101746 9.104887 2.000000
v 1.102012 8.895567 0.000000
v 1.102012 8.895567 2.000000
v 0.302012 8.894551 0.000000
v 0.302012 8.894551 2.000000
v 0.299474 10.893920 0.000000
v 0.299474 10.893920 2.000000
vt 0.000000 0.000000 0.000000
vt 1.996459 0.000000 0.000000
vt 0.000000 2.000000 0.000000
vt 1.996459 2.000000 0.000000
vt 0.000000 0.000000 0.000000
vt 0.800000 0.000000 0.000000
vt 0.000000 2.000000 0.000000
vt 0.800000 2.000000 0.000000
vt 0.000000 0.000000 0.000000
vt 0.200000 0.000000 0.000000
vt 0.000000 2.000000 0.000000
vt 0.200000 2.000000 0.000000
vt -0.000000 0.000000 0.000000
vt 0.600000 0.000000 0.000000
vt -0.000000 2.000000 0.000000
vt 0.600000 2.000000 0.000000
vt 0.000000 0.000000 0.000000
vt 1.600000 0.000000 0.000000
vt 0.000000 2.000000 0.000000
vt 1.600000 2.000000 0.000000
vt -0.000000 0.000000 0.000000
vt 1.600000 0.000000 0.000000
vt -0.000000 2.000000 0.000000
vt 1.600000 2.000000 0.000000
vt 0.000000 0.000000 0.000000
vt 1.595822 0.000000 0.000000
vt 0.000000 2.000000 0.000000
vt 1.595822 2.000000 0.000000
vt 0.000000 0.000000 0.000000
vt 0.605464 0.000000 0.000000
vt 0.000000 2.000000 0.000000
vt 0.605464 2.000000 0.000000
vt 0.000000 0.000000 0.000000
vt 0.209320 0.000000 0.000000
vt 0.000000 2.000000 0.000000
vt 0.209320 2.000000 0.000000
vt 0.000000 0.000000 0.000000
vt 0.800000 0.000000 0.000000
vt 0.000000 2.000000 0.000000
vt 0.800000 2.000000 0.000000
vt 0.000000 0.000000 0.000000
vt 1.999370 0.000000 0.000000
vt 0.000000 2.000000 0.000000
vt 1.999370 2.000000 0.000000
vt 0.000000 0.000000 0.000000
vt 2.000527 0.000000 0.000000
vt 0.000000 2.000000 0.000000
vt 2.000527 2.000000 0.000000
vt -1.000263 0.998414 0.000000
vt -0.799852 0.804431 0.000000
vt 1.000263 1.000954 0.000000
vt 0.800148 0.804533 0.000000
vt 0.800250 -0.795467 0.000000
vt -0.803454 -0.791387 0.000000
vt -0.997725 -1.000954 0.000000
vt -0.197726 -0.999938 0.000000
vt -0.197991 -0.790618 0.000000
vt 0.200250 -0.795505 0.000000
vt 0.200263 -0.995505 0.000000
vt 1.000263 -0.995505 0.000000
vt -1.000263 1.000954 0.000000
vt 0.799852 0.804431 0.000000
vt 1.000263 0.998414 0.000000
vt 0.803454 -0.791387 0.000000
vt 0.997725 -1.000954 0.000000
vt 0.197726 -0.999938 0.000000
vt 0.197991 -0.790618 0.000000
vt -1.000263 -0.995505 0.000000
vt -0.800250 -0.795467 0.000000
vt -0.800148 0.804533 0.000000
vt -0.200263 -0.995505 0.000000
vt -0.200250 -0.795505 0.000000
vn 1.000000 0.000000 -0.000000
vn 1.000000 0.000000 -0.000000
vn 1.000000 0.000000 -0.000000
vn 1.000000 0.000000 -0.000000
vn 0.000000 -1.000000 0.000000
vn 0.000000 -1.000000 0.000000
vn 0.000000 -1.000000 0.000000
vn 0.000000 -1.000000 0.000000
vn -1.000000 -0.000064 0.000000
vn -1.000000 -0.000064 0.000000
vn -1.000000 -0.000064 0.000000
vn -1.000000 -0.000064 0.000000
vn -0.000064 1.000000 0.000000
vn -0.000064 1.000000 0.000000
vn -0.000064 1.000000 0.000000
vn -0.000064 1.000000 0.000000
vn -1.000000 -0.000064 0.000000
vn -1.000000 -0.000064 0.000000
vn -1.000000 -0.000064 0.000000
vn -1.000000 -0.000064 0.000000
vn 0.000064 -1.000000 0.000000
vn 0.000064 -1.000000 0.000000
vn 0.000064 -1.000000 0.000000
vn 0.000064 -1.000000 0.000000
vn 0.999997 -0.002258 0.000000
vn 0.999997 -0.002258 0.000000
vn 0.999997 -0.002258 0.000000
vn 0.999997 -0.002258 0.000000
vn -0.001269 0.999999 0.000000
vn -0.001269 0.999999 0.000000
vn -0.001269 0.999999 0.000000
vn -0.001269 0.999999 0.000000
vn 0.999999 0.001269 -0.000000
vn 0.999999 0.001269 -0.000000
vn 0.999999 0.001269 -0.000000
vn 0.999999 0.001269 -0.000000
vn 0.001269 -0.999999 0.000000
vn 0.001269 -0.999999 0.000000
vn 0.001269 -0.999999 0.000000
vn 0.001269 -0.999999 0.000000
vn -0.999999 -0.001269 0.000000
vn -0.999999 -0.001269 0.000000
vn -0.999999 -0.001269 0.000000
vn -0.999999 -0.001269 0.000000
vn -0.001269 0.999999 0.000000
vn -0.001269 0.999999 0.000000
vn -0.001269 0.999999 0.000000
vn -0.001269 0.999999 0.000000
vn 0.000000 0.000000 1.000000
vn 0.000000 0.000000 1.000000
vn 0.000000 0.000000 1.000000
vn 0.000000 0.000000 1.000000
vn 0.000000 0.000000 1.000000
vn 0.000000 0.000000 1.000000
vn 0.000000 0.000000 1.000000
vn 0.000000 0.000000 1.000000
vn 0.000000 0.000000 1.000000
vn 0.000000 0.000000 1.000000
vn 0.000000 0.000000 1.000000
vn 0.000000 0.000000 1.000000
vn -0.000000 -0.000000 -1.000000
vn -0.000000 -0.000000 -1.000000
vn -0.000000 -0.000000 -1.000000
vn -0.000000 -0.000000 -1.000000
vn -0.000000 -0.000000 -1.000000
vn -0.000000 -0.000000 -1.000000
vn -0.000000 -0.000000 -1.000000
vn -0.000000 -0.000000 -1.000000
vn -0.000000 -0.000000 -1.000000
vn -0.000000 -0.000000 -1.000000
vn -0.000000 -0.000000 -1.000000
vn -0.000000 -0.000000 -1.000000
f 322/967/967 323/968/968 325/969/969
f 325/969/969 323/968/968 324/970/970
f 326/971/971 322/972/972 327/973/973
f 327/973/973 322/972/972 325/974/974
f 328/975/975 326/976/976 329/977/977
f 329/977/977 326/976/976 327/978/978
f 330/979/979 328/980/980 331/981/981
f 331/981/981 328/980/980 329/982/982
f 332/983/983 330/984/984 333/985/985
f 333/985/985 330/984/984 331/986/986
f 334/987/987 332/988/988 335/989/989
f 335/989/989 332/988/988 333/990/990
f 336/991/991 334/992/992 337/993/993
f 337/993/993 334/992/992 335/994/994
f 338/995/995 336/996/996 339/997/997
f 339/997/997 336/996/996 337/998/998
f 340/999/999 338/1000/1000 341/1001/1001
f 341/1001/1001 338/1000/1000 339/1002/1002
f 342/1003/1003 340/1004/1004 343/1005/1005
f 343/1005/1005 340/1004/1004 341/1006/1006
f 344/1007/1007 342/1008/1008 345/1009/1009
f 345/1009/1009 342/1008/1008 343/1010/1010
f 323/1011/1011 344/1012/1012 324/1013/1013
f 324/1013/1013 344/1012/1012 345/1014/1014
f 345/1015/1015 335/1016/1016 324/1017/1017
f 324/1017/1017 335/1016/1016 333/1018/1018
f 324/1017/1017 333/1018/1018 331/1019/1019
f 335/1016/1016 345/1015/1015 337/1020/1020
f 337/1020/1020 345/1015/1015 343/1021/1021
f 337/1020/1020 343/1021/1021 341/1022/1022
f 341/1022/1022 339/1023/1023 337/1020/1020
f 329/1024/1024 327/1025/1025 331/1019/1019
f 331/1019/1019 327/1025/1025 325/1026/1026
f 331/1019/1019 325/1026/1026 324/1017/1017
f 323/1027/1027 334/1028/1028 344/1029/1029
f 344/1029/1029 334/1028/1028 336/1030/1030
f 344/1029/1029 336/1030/1030 342/1031/1031
f 342/1031/1031 336/1030/1030 340/1032/1032
f 340/1032/1032 336/1030/1030 338/1033/1033
f 322/1034/1034 330/1035/1035 323/1027/1027
f 323/1027/1027 330/1035/1035 332/1036/1036
f 323/1027/1027 332/1036/1036 334/1028/1028
f 322/1034/1034 326/1037/1037 330/1035/1035
f 330/1035/1035 326/1037/1037 328/1038/1038
g Cuerpo21

v 14.200000 6.200000 0.000000
v 14.200000 0.700000 0.000000
v 14.200000 0.700000 2.000000
v 14.200000 6.200000 2.000000
v 15.200000 6.200000 0.000000
v 15.200000 6.200000 2.000000
v 15.200000 6.300000 0.000000
v 15.200000 6.300000 2.000000
v 17.500000 6.300000 0.000000
v 17.500000 6.300000 2.000000
v 17.500000 0.700000 0.000000
v 17.500000 0.700000 2.000000
vt 0.000000 0.000000 0.000000
vt 5.500000 0.000000 0.000000
vt 0.000000 2.000000 0.000000
vt 5.500000 2.000000 0.000000
vt 0.000000 0.000000 0.000000
vt 1.000000 0.000000 0.000000
vt 0.000000 2.000000 0.000000
vt 1.000000 2.000000 0.000000
vt 0.000000 0.000000 0.000000
vt 0.100000 0.000000 0.000000
vt 0.000000 2.000000 0.000000
vt 0.100000 2.000000 0.000000
vt 0.000000 0.000000 0.000000
vt 2.300000 0.000000 0.000000
vt 0.000000 2.000000 0.000000
vt 2.300000 2.000000 0.000000
vt 0.000000 0.000000 0.000000
vt 5.600000 0.000000 0.000000
vt 0.000000 2.000000 0.000000
vt 5.600000 2.000000 0.000000
vt 0.000000 0.000000 0.000000
vt 3.300000 0.000000 0.000000
vt 0.000000 2.000000 0.000000
vt 3.300000 2.000000 0.000000
vt -1.650000 2.700000 0.000000
vt -1.650000 -2.800000 0.000000
vt -0.650000 2.700000 0.000000
vt 1.650000 -2.800000 0.000000
vt 1.650000 2.800000 0.000000
vt -0.650000 2.800000 0.000000
vt -1.650000 2.800000 0.000000
vt -1.650000 -2.800000 0.000000
vt 0.650000 2.700000 0.000000
vt 1.650000 -2.800000 0.000000
vt 1.650000 2.700000 0.000000
vt 0.650000 2.800000 0.000000
vn -1.000000 0.000000 0.000000
vn -1.000000 0.000000 0.000000
vn -1.000000 0.000000 0.000000
vn -1.000000 0.000000 0.000000
vn 0.000000 1.000000 -0.000000
vn 0.000000 1.000000 -0.000000
vn 0.000000 1.000000 -0.000000
vn 0.000000 1.000000 -0.000000
vn -1.000000 0.000000 0.000000
vn -1.000000 0.000000 0.000000
vn -1.000000 0.000000 0.000000
vn -1.000000 0.000000 0.000000
vn 0.000000 1.000000 -0.000000
vn 0.000000 1.000000 -0.000000
vn 0.000000 1.000000 -0.000000
vn 0.000000 1.000000 -0.000000
vn 1.000000 0.000000 -0.000000
vn 1.000000 0.000000 -0.000000
vn 1.000000 0.000000 -0.000000
vn 1.000000 0.000000 -0.000000
vn 0.000000 -1.000000 0.000000
vn 0.000000 -1.000000 0.000000
vn 0.000000 -1.000000 0.000000
vn 0.000000 -1.000000 0.000000
vn 0.000000 0.000000 1.000000
vn 0.000000 0.000000 1.000000
vn 0.000000 0.000000 1.000000
vn 0.000000 0.000000 1.000000
vn 0.000000 0.000000 1.000000
vn 0.000000 0.000000 1.000000
vn -0.000000 0.000000 -1.000000
vn -0.000000 0.000000 -1.000000
vn -0.000000 0.000000 -1.000000
vn -0.000000 0.000000 -1.000000
vn -0.000000 0.000000 -1.000000
vn -0.000000 0.000000 -1.000000
f 346/1039/1039 347/1040/1040 349/1041/1041
f 349/1041/1041 347/1040/1040 348/1042/1042
f 350/1043/1043 346/1044/1044 351/1045/1045
f 351/1045/1045 346/1044/1044 349/1046/1046
f 352/1047/1047 350/1048/1048 353/1049/1049
f 353/1049/1049 350/1048/1048 351/1050/1050
f 354/1051/1051 352/1052/1052 355/1053/1053
f 355/1053/1053 352/1052/1052 353/1054/1054
f 356/1055/1055 354/1056/1056 357/1057/1057
f 357/1057/1057 354/1056/1056 355/1058/1058
f 347/1059/1059 356/1060/1060 348/1061/1061
f 348/1061/1061 356/1060/1060 357/1062/1062
f 349/1063/1063 348/1064/1064 351/1065/1065
f 351/1065/1065 348/1064/1064 357/1066/1066
f 351/1065/1065 357/1066/1066 355/1067/1067
f 355/1067/1067 353/1068/1068 351/1065/1065
f 354/1069/1069 356/1070/1070 350/1071/1071
f 350/1071/1071 356/1070/1070 347/1072/1072
f 350/1071/1071 347/1072/1072 346/1073/1073
f 350/1071/1071 352/1074/1074 354/1069/1069
g Cuerpo22

v 28.200000 6.200000 0.000000
v 28.200000 0.700000 0.000000
v 28.200000 0.700000 2.000000
v 28.200000 6.200000 2.000000
v 29.200000 6.200000 0.000000
v 29.200000 6.200000 2.000000
v 29.200000 6.300000 0.000000
v 29.200000 6.300000 2.000000
v 31.500000 6.300000 0.000000
v 31.500000 6.300000 2.000000
v 31.500000 0.700000 0.000000
v 31.500000 0.700000 2.000000
vt 0.000000 0.000000 0.000000
vt 5.500000 0.000000 0.000000
vt 0.000000 2.000000 0.000000
vt 5.500000 2.000000 0.000000
vt 0.000000 0.000000 0.000000
vt 1.000000 0.000000 0.000000
vt 0.000000 2.000000 0.000000
vt 1.000000 2.000000 0.000000
vt 0.000000 0.000000 0.000000
vt 0.100000 0.000000 0.000000
vt 0.000000 2.000000 0.000000
vt 0.100000 2.000000 0.000000
vt 0.000000 0.000000 0.000000
vt 2.300000 0.000000 0.000000
vt 0.000000 2.000000 0.000000
vt 2.300000 2.000000 0.000000
vt 0.000000 0.000000 0.000000
vt 5.600000 0.000000 0.000000
vt 0.000000 2.000000 0.000000
vt 5.600000 2.000000 0.000000
vt 0.000000 0.000000 0.000000
vt 3.300000 0.000000 0.000000
vt 0.000000 2.000000 0.000000
vt 3.300000 2.000000 0.000000
vt -1.650000 2.700000 0.000000
vt -1.650000 -2.800000 0.000000
vt -0.650000 2.700000 0.000000
vt 1.650000 -2.800000 0.000000
vt 1.650000 2.800000 0.000000
vt -0.650000 2.800000 0.000000
vt -1.650000 2.800000 0.000000
vt -1.650000 -2.800000 0.000000
vt 0.650000 2.700000 0.000000
vt 1.650000 -2.800000 0.000000
vt 1.650000 2.700000 0.000000
vt 0.650000 2.800000 0.000000
vn -1.000000 0.000000 0.000000
vn -1.000000 0.000000 0.000000
vn -1.000000 0.000000 0.000000
vn -1.000000 0.000000 0.000000
vn 0.000000 1.000000 -0.000000
vn 0.000000 1.000000 -0.000000
vn 0.000000 1.000000 -0.000000
vn 0.000000 1.000000 -0.000000
vn -1.000000 0.000000 0.000000
vn -1.000000 0.000000 0.000000
vn -1.000000 0.000000 0.000000
vn -1.000000 0.000000 0.000000
vn 0.000000 1.000000 -0.000000
vn 0.000000 1.000000 -0.000000
vn 0.000000 1.000000 -0.000000
vn 0.000000 1.000000 -0.000000
vn 1.000000 0.000000 -0.000000
vn 1.000000 0.000000 -0.000000
vn 1.000000 0.000000 -0.000000
vn 1.000000 0.000000 -0.000000
vn 0.000000 -1.000000 0.000000
vn 0.000000 -1.000000 0.000000
vn 0.000000 -1.000000 0.000000
vn 0.000000 -1.000000 0.000000
vn 0.000000 0.000000 1.000000
vn 0.000000 0.000000 1.000000
vn 0.000000 0.000000 1.000000
vn 0.000000 0.000000 1.000000
vn 0.000000 0.000000 1.000000
vn 0.000000 0.000000 1.000000
vn -0.000000 0.000000 -1.000000
vn -0.000000 0.000000 -1.000000
vn -0.000000 0.000000 -1.000000
vn -0.000000 0.000000 -1.000000
vn -0.000000 0.000000 -1.000000
vn -0.000000 0.000000 -1.000000
f 358/1075/1075 359/1076/1076 361/1077/1077
f 361/1077/1077 359/1076/1076 360/1078/1078
f 362/1079/1079 358/1080/1080 363/1081/1081
f 363/1081/1081 358/1080/1080 361/1082/1082
f 364/1083/1083 362/1084/1084 365/1085/1085
f 365/1085/1085 362/1084/1084 363/1086/1086
f 366/1087/1087 364/1088/1088 367/1089/1089
f 367/1089/1089 364/1088/1088 365/1090/1090
f 368/1091/1091 366/1092/1092 369/1093/1093
f 369/1093/1093 366/1092/1092 367/1094/1094
f 359/1095/1095 368/1096/1096 360/1097/1097
f 360/1097/1097 368/1096/1096 369/1098/1098
f 361/1099/1099 360/1100/1100 363/1101/1101
f 363/1101/1101 360/1100/1100 369/1102/1102
f 363/1101/1101 369/1102/1102 367/1103/1103
f 367/1103/1103 365/1104/1104 363/1101/1101
f 366/1105/1105 368/1106/1106 362/1107/1107
f 362/1107/1107 368/1106/1106 359/1108/1108
f 362/1107/1107 359/1108/1108 358/1109/1109
f 362/1107/1107 364/1110/1110 366/1105/1105
g Cuerpo23

v 41.173252 14.600000 1.300000
v 41.173252 13.500000 1.300000
v 41.173252 13.500000 1.400000
v 41.173252 14.600000 1.400000
v 41.500000 13.500000 1.400000
v 41.500000 14.600000 1.400000
v 40.750000 14.600000 1.200000
v 40.750000 13.500000 1.200000
v 40.750000 13.500000 1.300000
v 40.750000 14.600000 1.300000
v 40.391763 13.500000 1.200000
v 40.391763 13.500000 1.100000
v 40.000000 13.500000 1.100000
v 40.000000 13.500000 1.200000
v 40.146152 13.500000 1.200000
v 40.946152 13.500000 2.000000
v 41.500000 13.500000 2.000000
v 40.350001 14.600000 1.100000
v 40.350001 14.600000 1.200000
v 39.981922 14.600000 1.000000
v 40.000000 13.500000 1.000000
v 39.981922 14.600000 1.100000
v 38.700001 13.148354 0.900000
v 40.000000 13.148354 0.900000
v 40.000000 13.148354 1.000000
v 38.700001 13.148354 1.000000
v 38.700001 14.600000 1.000000
v 38.700001 14.600000 2.000000
v 38.700001 8.600000 2.000000
v 38.700001 8.600000 0.000000
v 38.700001 9.019224 0.000000
v 38.700001 9.019224 0.100000
v 38.700001 9.354148 0.100000
v 38.700001 9.354148 0.200000
v 38.700001 9.800713 0.200000
v 38.700001 9.800713 0.300000
v 38.700001 10.247279 0.300000
v 38.700001 10.247279 0.400000
v 38.700001 10.693844 0.400000
v 38.700001 10.693844 0.500000
v 38.700001 11.500000 0.500000
v 38.700001 11.500000 0.600000
v 38.700001 11.895550 0.600000
v 38.700001 11.895550 0.700000
v 38.700001 12.309612 0.700000
v 38.700001 12.309612 0.800000
v 38.700001 12.702441 0.800000
v 38.700001 12.702441 0.900000
v 40.000000 12.702441 0.800000
v 40.000000 12.702441 0.900000
v 40.000000 12.309612 0.700000
v 40.000000 12.309612 0.800000
v 40.000000 11.895550 0.600000
v 40.000000 11.895550 0.700000
v 40.000000 11.500000 0.500000
v 40.000000 11.500000 0.600000
v 40.000000 11.600000 0.600000
v 40.000000 10.693844 0.400000
v 40.000000 10.693844 0.500000
v 40.000000 11.500000 0.400000
v 40.146152 13.373237 1.200000
v 40.946152 13.373237 2.000000
v 40.146152 13.373237 0.400000
v 40.391763 13.373237 0.400000
v 40.391763 13.373237 0.300000
v 40.823076 13.373237 0.300000
v 40.823076 13.373237 0.200000
v 41.173252 13.373237 0.200000
v 41.173252 13.373237 0.100000
v 41.500000 13.373237 0.100000
v 41.500000 13.373237 2.000000
v 40.000000 12.200000 1.200000
v 40.146152 11.500000 0.500000
v 40.146152 12.200000 1.200000
v 40.146152 11.500000 0.400000
v 40.391763 10.247279 0.300000
v 40.391763 10.247279 0.400000
v 40.823076 9.800713 0.200000
v 40.823076 9.800713 0.300000
v 41.173252 9.354148 0.100000
v 41.173252 9.354148 0.200000
v 41.500000 9.019224 0.000000
v 41.500000 9.019224 0.100000
v 42.000001 14.800000 0.000000
v 38.500000 14.800000 0.000000
v 38.500000 14.800000 2.000000
v 42.000001 14.800000 2.000000
v 42.000001 14.600000 0.000000
v 42.000001 14.600000 2.000000
v 41.500000 14.600000 0.000000
v 36.200000 8.600000 0.000000
v 36.200000 8.600000 2.000000
v 36.200000 8.800000 0.000000
v 36.200000 8.800000 2.000000
v 38.500000 8.800000 0.000000
v 38.500000 8.800000 2.000000
vt -0.000000 1.300000 0.000000
vt 1.100000 1.300000 0.000000
vt -0.000000 1.400000 0.000000
vt 1.100000 1.400000 0.000000
vt 0.163374 0.550000 0.000000
vt -0.163374 0.550000 0.000000
vt 0.163374 -0.550000 0.000000
vt -0.163374 -0.550000 0.000000
vt -0.000000 1.200000 0.000000
vt 1.100000 1.200000 0.000000
vt -0.000000 1.300000 0.000000
vt 1.100000 1.300000 0.000000
vt 0.211626 0.550000 0.000000
vt -0.211626 0.550000 0.000000
vt 0.211626 -0.550000 0.000000
vt -0.211626 -0.550000 0.000000
vt 0.326748 1.300000 0.000000
vt 0.750000 1.300000 0.000000
vt 0.326748 1.400000 0.000000
vt 0.553848 2.000000 0.000000
vt -0.000000 2.000000 0.000000
vt 0.750000 1.200000 0.000000
vt 1.108237 1.200000 0.000000
vt 1.353848 1.200000 0.000000
vt 1.108237 1.100000 0.000000
vt 1.500000 1.100000 0.000000
vt 1.500000 1.200000 0.000000
vt -0.000000 1.400000 0.000000
vt 0.000000 1.100000 0.000000
vt 1.100793 1.100000 0.000000
vt 0.000000 1.200000 0.000000
vt 1.100793 1.200000 0.000000
vt 0.200000 -0.550000 0.000000
vt 0.200000 0.550000 0.000000
vt -0.158238 -0.550000 0.000000
vt -0.200000 0.550000 0.000000
vt 0.000000 1.000000 0.000000
vt 1.100149 1.000000 0.000000
vt 0.000000 1.100000 0.000000
vt 1.100149 1.100000 0.000000
vt 0.204921 -0.550000 0.000000
vt 0.163158 0.550000 0.000000
vt -0.186842 -0.550000 0.000000
vt -0.204921 0.550000 0.000000
vt 0.000000 0.900000 0.000000
vt 1.299999 0.900000 0.000000
vt 0.000000 1.000000 0.000000
vt 1.299999 1.000000 0.000000
vt 4.548354 0.900000 0.000000
vt 4.548354 1.000000 0.000000
vt 4.102441 0.900000 0.000000
vt 0.000000 2.000000 0.000000
vt 3.709612 0.800000 0.000000
vt 3.295550 0.700000 0.000000
vt 3.709612 0.700000 0.000000
vt 6.000000 1.000000 0.000000
vt 6.000000 2.000000 0.000000
vt 0.000000 0.000000 0.000000
vt 0.419224 0.100000 0.000000
vt 0.754148 0.200000 0.000000
vt 1.200713 0.300000 0.000000
vt 1.200713 0.200000 0.000000
vt 0.419224 0.000000 0.000000
vt 0.754148 0.100000 0.000000
vt 1.647279 0.300000 0.000000
vt 1.647279 0.400000 0.000000
vt 2.093844 0.400000 0.000000
vt 2.093844 0.500000 0.000000
vt 2.900000 0.500000 0.000000
vt 2.900000 0.600000 0.000000
vt 3.295550 0.600000 0.000000
vt 4.102441 0.800000 0.000000
vt 0.631921 0.550000 0.000000
vt -0.650000 0.550000 0.000000
vt 0.650000 -0.550000 0.000000
vt -0.650000 -0.901646 0.000000
vt 0.650000 -0.901646 0.000000
vt 0.000000 0.800000 0.000000
vt 1.299999 0.800000 0.000000
vt 0.000000 0.900000 0.000000
vt 1.299999 0.900000 0.000000
vt 0.650000 0.222957 0.000000
vt -0.650000 0.222957 0.000000
vt 0.650000 -0.222957 0.000000
vt -0.650000 -0.222957 0.000000
vt 0.000000 0.700000 0.000000
vt 1.299999 0.700000 0.000000
vt 0.000000 0.800000 0.000000
vt 1.299999 0.800000 0.000000
vt 0.650000 0.196414 0.000000
vt -0.650000 0.196414 0.000000
vt 0.650000 -0.196414 0.000000
vt -0.650000 -0.196414 0.000000
vt 0.000000 0.600000 0.000000
vt 1.299999 0.600000 0.000000
vt 0.000000 0.700000 0.000000
vt 1.299999 0.700000 0.000000
vt 0.650000 0.207031 0.000000
vt -0.650000 0.207031 0.000000
vt 0.650000 -0.207031 0.000000
vt -0.650000 -0.207031 0.000000
vt 0.000000 0.500000 0.000000
vt 1.299999 0.500000 0.000000
vt 0.000000 0.600000 0.000000
vt 1.299999 0.600000 0.000000
vt 0.000000 0.500000 0.000000
vt 0.100000 0.600000 0.000000
vt 0.000000 0.600000 0.000000
vt 0.650000 -0.197775 0.000000
vt 0.650000 -0.097775 0.000000
vt -0.650000 -0.197775 0.000000
vt -0.650000 0.197775 0.000000
vt 0.650000 0.197775 0.000000
vt 0.000000 0.400000 0.000000
vt 1.299999 0.400000 0.000000
vt 0.000000 0.500000 0.000000
vt 1.299999 0.500000 0.000000
vt 0.000000 0.400000 0.000000
vt 0.806156 0.400000 0.000000
vt 0.000000 0.500000 0.000000
vt 0.806156 0.500000 0.000000
vt 0.650000 0.403078 0.000000
vt -0.650000 0.403078 0.000000
vt 0.650000 -0.403078 0.000000
vt -0.650000 -0.403078 0.000000
vt 0.565685 0.373237 0.000000
vt 0.565685 0.500000 0.000000
vt -0.565685 0.373237 0.000000
vt -0.565685 0.500000 0.000000
vt 0.000000 1.200000 0.000000
vt 0.245611 0.400000 0.000000
vt 0.800000 2.000000 0.000000
vt 0.676924 0.300000 0.000000
vt 1.027101 0.200000 0.000000
vt 0.676924 0.200000 0.000000
vt 0.000000 0.400000 0.000000
vt 0.245611 0.300000 0.000000
vt 1.027101 0.100000 0.000000
vt 1.353848 0.100000 0.000000
vt 1.353848 2.000000 0.000000
vt -0.036538 0.494975 0.000000
vt -0.036538 -0.353553 0.000000
vt 0.109614 0.494975 0.000000
vt 0.109614 -0.494975 0.000000
vt -0.036538 -0.494975 0.000000
vt 1.873237 1.200000 0.000000
vt 0.700000 1.200000 0.000000
vt 1.873237 0.400000 0.000000
vt 0.000000 0.500000 0.000000
vt 0.000000 0.400000 0.000000
vt 0.146152 0.500000 0.000000
vt 0.000000 0.500000 0.000000
vt 0.146152 0.400000 0.000000
vt 0.000000 0.400000 0.000000
vt 0.073076 -0.300000 0.000000
vt 0.073076 0.873237 0.000000
vt -0.073076 -0.300000 0.000000
vt -0.073076 1.000000 0.000000
vt 0.073076 1.000000 0.000000
vt 0.196152 0.873237 0.000000
vt 0.750000 0.873237 0.000000
vt 0.196152 1.000000 0.000000
vt 0.750000 1.000000 0.000000
vt 0.000000 0.300000 0.000000
vt 1.691762 0.300000 0.000000
vt 0.000000 0.400000 0.000000
vt 1.691762 0.400000 0.000000
vt 0.000000 0.300000 0.000000
vt 3.125958 0.300000 0.000000
vt 0.000000 0.400000 0.000000
vt 3.125958 0.400000 0.000000
vt 0.600270 1.562979 0.000000
vt 0.600270 -0.310258 0.000000
vt 0.845881 1.562979 0.000000
vt 0.845881 -1.562979 0.000000
vt 0.454118 -1.116414 0.000000
vt -0.845881 -1.562979 0.000000
vt -0.845881 -1.116414 0.000000
vt 0.454118 -0.310258 0.000000
vt 0.000000 0.200000 0.000000
vt 2.123075 0.200000 0.000000
vt 0.000000 0.300000 0.000000
vt 2.123075 0.300000 0.000000
vt 0.000000 0.200000 0.000000
vt 3.572524 0.200000 0.000000
vt 0.000000 0.300000 0.000000
vt 3.572524 0.300000 0.000000
vt 0.630225 1.786262 0.000000
vt 0.630225 -1.339696 0.000000
vt 1.061538 1.786262 0.000000
vt 1.061538 -1.786262 0.000000
vt -1.061538 -1.786262 0.000000
vt -1.061538 -1.339696 0.000000
vt 0.000000 0.100000 0.000000
vt 2.473252 0.100000 0.000000
vt 0.000000 0.200000 0.000000
vt 2.473252 0.200000 0.000000
vt 0.000000 0.100000 0.000000
vt 4.019089 0.100000 0.000000
vt 0.000000 0.200000 0.000000
vt 4.019089 0.200000 0.000000
vt 0.886449 2.009545 0.000000
vt 0.886449 -1.562979 0.000000
vt 1.236626 2.009545 0.000000
vt 1.236626 -2.009545 0.000000
vt -1.236626 -2.009545 0.000000
vt -1.236626 -1.562979 0.000000
vt 0.000000 0.000000 0.000000
vt 2.799999 0.000000 0.000000
vt 0.000000 0.100000 0.000000
vt 2.799999 0.100000 0.000000
vt -1.400000 -1.842083 0.000000
vt -1.400000 -2.177007 0.000000
vt 1.073252 -1.842083 0.000000
vt 1.400000 -2.177007 0.000000
vt 1.400000 2.177007 0.000000
vt 1.073252 2.177007 0.000000
vt -0.000000 0.000000 0.000000
vt 3.500001 0.000000 0.000000
vt -0.000000 2.000000 0.000000
vt 3.500001 2.000000 0.000000
vt 0.000000 0.000000 0.000000
vt 0.200000 0.000000 0.000000
vt 0.000000 2.000000 0.000000
vt 0.200000 2.000000 0.000000
vt 2.799999 0.000000 0.000000
vt 3.300000 0.000000 0.000000
vt 2.799999 1.400000 0.000000
vt 3.300000 2.000000 0.000000
vt 2.473252 1.400000 0.000000
vt 0.000000 2.000000 0.000000
vt 2.049999 1.300000 0.000000
vt 1.650000 1.200000 0.000000
vt 2.049999 1.200000 0.000000
vt 1.281921 1.100000 0.000000
vt 0.000000 1.000000 0.000000
vt 1.281921 1.000000 0.000000
vt 1.650000 1.100000 0.000000
vt 2.473252 1.300000 0.000000
vt 0.000000 0.000000 0.000000
vt 2.500000 0.000000 0.000000
vt 0.000000 2.000000 0.000000
vt 2.500000 2.000000 0.000000
vt 0.000000 0.000000 0.000000
vt 0.200000 0.000000 0.000000
vt 0.000000 2.000000 0.000000
vt 0.200000 2.000000 0.000000
vt 0.000000 0.000000 0.000000
vt 2.300000 0.000000 0.000000
vt 0.000000 2.000000 0.000000
vt 2.300000 2.000000 0.000000
vt 0.000000 0.000000 0.000000
vt 6.000000 0.000000 0.000000
vt 0.000000 2.000000 0.000000
vt 6.000000 2.000000 0.000000
vt 2.900000 3.100000 0.000000
vt -0.600000 3.100000 0.000000
vt -0.400000 2.900000 0.000000
vt -0.600000 -2.900000 0.000000
vt -0.400000 -3.100000 0.000000
vt -2.900000 -3.100000 0.000000
vt -2.900000 -2.900000 0.000000
vt 2.900000 2.900000 0.000000
vt 0.351646 0.900000 0.000000
vt 0.797559 0.900000 0.000000
vt 0.351646 1.000000 0.000000
vt 1.300000 1.200000 0.000000
vt -0.000000 1.200000 0.000000
vt 0.797559 0.800000 0.000000
vt 1.190388 0.800000 0.000000
vt 1.190388 0.700000 0.000000
vt 1.604450 0.700000 0.000000
vt 1.604450 0.600000 0.000000
vt 1.900000 0.600000 0.000000
vt -0.000000 1.100000 0.000000
vt -0.000000 1.000000 0.000000
vt -4.354014 0.100000 0.000000
vt -4.354014 0.000000 0.000000
vt 0.000000 0.100000 0.000000
vt 1.226763 0.000000 0.000000
vt 1.226763 1.400000 0.000000
vt 0.126763 1.400000 0.000000
vt 0.000000 2.000000 0.000000
vt 0.126763 2.000000 0.000000
vt -0.750000 -3.480776 0.000000
vt 2.049999 -3.480776 0.000000
vt -0.750000 2.100000 0.000000
vt 2.250000 2.300000 0.000000
vt -1.250001 2.300000 0.000000
vt 2.250000 -3.700000 0.000000
vt 2.049999 -3.900000 0.000000
vt 4.550000 -3.900000 0.000000
vt 4.550000 -3.700000 0.000000
vt -1.250001 2.100000 0.000000
vn -1.000000 0.000000 0.000000
vn -1.000000 0.000000 0.000000
vn -1.000000 0.000000 0.000000
vn -1.000000 0.000000 0.000000
vn 0.000000 0.000000 1.000000
vn 0.000000 0.000000 1.000000
vn 0.000000 0.000000 1.000000
vn 0.000000 0.000000 1.000000
vn -1.000000 0.000000 0.000000
vn -1.000000 0.000000 0.000000
vn -1.000000 0.000000 0.000000
vn -1.000000 0.000000 0.000000
vn 0.000000 0.000000 1.000000
vn 0.000000 0.000000 1.000000
vn 0.000000 0.000000 1.000000
vn 0.000000 0.000000 1.000000
vn 0.000000 1.000000 0.000000
vn 0.000000 1.000000 0.000000
vn 0.000000 1.000000 0.000000
vn 0.000000 1.000000 0.000000
vn 0.000000 1.000000 0.000000
vn 0.000000 1.000000 0.000000
vn 0.000000 1.000000 0.000000
vn 0.000000 1.000000 0.000000
vn 0.000000 1.000000 0.000000
vn 0.000000 1.000000 0.000000
vn 0.000000 1.000000 0.000000
vn 0.000000 1.000000 0.000000
vn -0.999280 -0.037938 0.000000
vn -0.999280 -0.037938 0.000000
vn -0.999280 -0.037938 0.000000
vn -0.999280 -0.037938 0.000000
vn 0.000000 0.000000 1.000000
vn 0.000000 0.000000 1.000000
vn 0.000000 0.000000 1.000000
vn 0.000000 0.000000 1.000000
vn -0.999865 -0.016433 0.000000
vn -0.999865 -0.016433 0.000000
vn -0.999865 -0.016433 0.000000
vn -0.999865 -0.016433 0.000000
vn 0.000000 0.000000 1.000000
vn 0.000000 0.000000 1.000000
vn 0.000000 0.000000 1.000000
vn 0.000000 0.000000 1.000000
vn 0.000000 -1.000000 0.000000
vn 0.000000 -1.000000 0.000000
vn 0.000000 -1.000000 0.000000
vn 0.000000 -1.000000 0.000000
vn 1.000000 0.000000 -0.000000
vn 1.000000 0.000000 -0.000000
vn 1.000000 0.000000 -0.000000
vn 1.000000 0.000000 -0.000000
vn 1.000000 0.000000 -0.000000
vn 1.000000 0.000000 -0.000000
vn 1.000000 0.000000 -0.000000
vn 1.000000 0.000000 -0.000000
vn 1.000000 0.000000 -0.000000
vn 1.000000 0.000000 -0.000000
vn 1.000000 0.000000 -0.000000
vn 1.000000 0.000000 -0.000000
vn 1.000000 0.000000 -0.000000
vn 1.000000 0.000000 -0.000000
vn 1.000000 0.000000 -0.000000
vn 1.000000 0.000000 -0.000000
vn 1.000000 0.000000 -0.000000
vn 1.000000 0.000000 -0.000000
vn 1.000000 0.000000 -0.000000
vn 1.000000 0.000000 -0.000000
vn 1.000000 0.000000 -0.000000
vn 1.000000 0.000000 -0.000000
vn 1.000000 0.000000 -0.000000
vn 1.000000 0.000000 -0.000000
vn 0.000000 0.000000 1.000000
vn 0.000000 0.000000 1.000000
vn 0.000000 0.000000 1.000000
vn 0.000000 0.000000 1.000000
vn 0.000000 0.000000 1.000000
vn 0.000000 -1.000000 0.000000
vn 0.000000 -1.000000 0.000000
vn 0.000000 -1.000000 0.000000
vn 0.000000 -1.000000 0.000000
vn 0.000000 0.000000 1.000000
vn 0.000000 0.000000 1.000000
vn 0.000000 0.000000 1.000000
vn 0.000000 0.000000 1.000000
vn 0.000000 -1.000000 0.000000
vn 0.000000 -1.000000 0.000000
vn 0.000000 -1.000000 0.000000
vn 0.000000 -1.000000 0.000000
vn 0.000000 0.000000 1.000000
vn 0.000000 0.000000 1.000000
vn 0.000000 0.000000 1.000000
vn 0.000000 0.000000 1.000000
vn 0.000000 -1.000000 0.000000
vn 0.000000 -1.000000 0.000000
vn 0.000000 -1.000000 0.000000
vn 0.000000 -1.000000 0.000000
vn 0.000000 0.000000 1.000000
vn 0.000000 0.000000 1.000000
vn 0.000000 0.000000 1.000000
vn 0.000000 0.000000 1.000000
vn 0.000000 -1.000000 0.000000
vn 0.000000 -1.000000 0.000000
vn 0.000000 -1.000000 0.000000
vn 0.000000 -1.000000 0.000000
vn 1.000000 0.000000 0.000000
vn 1.000000 0.000000 0.000000
vn 1.000000 0.000000 0.000000
vn 0.000000 0.000000 1.000000
vn 0.000000 0.000000 1.000000
vn 0.000000 0.000000 1.000000
vn 0.000000 0.000000 1.000000
vn 0.000000 0.000000 1.000000
vn 0.000000 -1.000000 0.000000
vn 0.000000 -1.000000 0.000000
vn 0.000000 -1.000000 0.000000
vn 0.000000 -1.000000 0.000000
vn 1.000000 0.000000 -0.000000
vn 1.000000 0.000000 -0.000000
vn 1.000000 0.000000 -0.000000
vn 0.000000 0.000000 1.000000
vn 0.000000 0.000000 1.000000
vn 0.000000 0.000000 1.000000
vn 0.000000 0.000000 1.000000
vn -0.707107 0.000000 0.707107
vn -0.707107 0.000000 0.707107
vn -0.707107 0.000000 0.707107
vn -0.707107 0.000000 0.707107
vn 0.000000 -1.000000 0.000000
vn 0.000000 -1.000000 0.000000
vn 0.000000 -1.000000 0.000000
vn 0.000000 -1.000000 0.000000
vn 0.000000 -1.000000 0.000000
vn 0.000000 -1.000000 0.000000
vn 0.000000 -1.000000 0.000000
vn 0.000000 -1.000000 0.000000
vn 0.000000 -1.000000 0.000000
vn 0.000000 -1.000000 0.000000
vn 0.000000 -1.000000 0.000000
vn -0.000000 -0.707107 0.707107
vn -0.000000 -0.707107 0.707107
vn -0.000000 -0.707107 0.707107
vn -0.000000 -0.707107 0.707107
vn -0.000000 -0.707107 0.707107
vn 1.000000 0.000000 -0.000000
vn 1.000000 0.000000 -0.000000
vn 1.000000 0.000000 -0.000000
vn 1.000000 0.000000 -0.000000
vn 1.000000 0.000000 -0.000000
vn 0.000000 -1.000000 0.000000
vn 0.000000 -1.000000 0.000000
vn 0.000000 -1.000000 0.000000
vn -0.000000 -0.000000 1.000000
vn -0.000000 -0.000000 1.000000
vn -0.000000 -0.000000 1.000000
vn -0.000000 -0.000000 1.000000
vn -0.000000 -0.000000 1.000000
vn 0.000000 0.000000 1.000000
vn 0.000000 0.000000 1.000000
vn 0.000000 0.000000 1.000000
vn 0.000000 0.000000 1.000000
vn 0.000000 -1.000000 0.000000
vn 0.000000 -1.000000 0.000000
vn 0.000000 -1.000000 0.000000
vn 0.000000 -1.000000 0.000000
vn 1.000000 0.000000 -0.000000
vn 1.000000 0.000000 -0.000000
vn 1.000000 0.000000 -0.000000
vn 1.000000 0.000000 -0.000000
vn 0.000000 0.000000 1.000000
vn 0.000000 0.000000 1.000000
vn 0.000000 0.000000 1.000000
vn 0.000000 0.000000 1.000000
vn 0.000000 0.000000 1.000000
vn 0.000000 0.000000 1.000000
vn 0.000000 0.000000 1.000000
vn 0.000000 0.000000 1.000000
vn 0.000000 -1.000000 0.000000
vn 0.000000 -1.000000 0.000000
vn 0.000000 -1.000000 0.000000
vn 0.000000 -1.000000 0.000000
vn 1.000000 0.000000 -0.000000
vn 1.000000 0.000000 -0.000000
vn 1.000000 0.000000 -0.000000
vn 1.000000 0.000000 -0.000000
vn 0.000000 0.000000 1.000000
vn 0.000000 0.000000 1.000000
vn 0.000000 0.000000 1.000000
vn 0.000000 0.000000 1.000000
vn 0.000000 0.000000 1.000000
vn 0.000000 0.000000 1.000000
vn 0.000000 -1.000000 0.000000
vn 0.000000 -1.000000 0.000000
vn 0.000000 -1.000000 0.000000
vn 0.000000 -1.000000 0.000000
vn 1.000000 0.000000 -0.000000
vn 1.000000 0.000000 -0.000000
vn 1.000000 0.000000 -0.000000
vn 1.000000 0.000000 -0.000000
vn 0.000000 0.000000 1.000000
vn 0.000000 0.000000 1.000000
vn 0.000000 0.000000 1.000000
vn 0.000000 0.000000 1.000000
vn 0.000000 0.000000 1.000000
vn 0.000000 0.000000 1.000000
vn 0.000000 -1.000000 0.000000
vn 0.000000 -1.000000 0.000000
vn 0.000000 -1.000000 0.000000
vn 0.000000 -1.000000 0.000000
vn 0.000000 0.000000 1.000000
vn 0.000000 0.000000 1.000000
vn 0.000000 0.000000 1.000000
vn 0.000000 0.000000 1.000000
vn 0.000000 0.000000 1.000000
vn 0.000000 0.000000 1.000000
vn 0.000000 1.000000 0.000000
vn 0.000000 1.000000 0.000000
vn 0.000000 1.000000 0.000000
vn 0.000000 1.000000 0.000000
vn 1.000000 0.000000 -0.000000
vn 1.000000 0.000000 -0.000000
vn 1.000000 0.000000 -0.000000
vn 1.000000 0.000000 -0.000000
vn 0.000000 -1.000000 0.000000
vn 0.000000 -1.000000 0.000000
vn 0.000000 -1.000000 0.000000
vn 0.000000 -1.000000 0.000000
vn 0.000000 -1.000000 0.000000
vn 0.000000 -1.000000 0.000000
vn 0.000000 -1.000000 0.000000
vn 0.000000 -1.000000 0.000000
vn 0.000000 -1.000000 0.000000
vn 0.000000 -1.000000 0.000000
vn 0.000000 -1.000000 0.000000
vn 0.000000 -1.000000 0.000000
vn 0.000000 -1.000000 0.000000
vn 0.000000 -1.000000 0.000000
vn 0.000000 -1.000000 0.000000
vn 0.000000 -1.000000 0.000000
vn 0.000000 -1.000000 0.000000
vn 0.000000 -1.000000 0.000000
vn -1.000000 0.000000 0.000000
vn -1.000000 0.000000 0.000000
vn -1.000000 0.000000 0.000000
vn -1.000000 0.000000 0.000000
vn 0.000000 1.000000 -0.000000
vn 0.000000 1.000000 -0.000000
vn 0.000000 1.000000 -0.000000
vn 0.000000 1.000000 -0.000000
vn -1.000000 0.000000 0.000000
vn -1.000000 0.000000 0.000000
vn -1.000000 0.000000 0.000000
vn -1.000000 0.000000 0.000000
vn 0.000000 0.000000 1.000000
vn 0.000000 0.000000 1.000000
vn 0.000000 0.000000 1.000000
vn 0.000000 0.000000 1.000000
vn 0.000000 0.000000 1.000000
vn 0.000000 0.000000 1.000000
vn 0.000000 0.000000 1.000000
vn 0.000000 0.000000 1.000000
vn -1.000000 0.000000 0.000000
vn -1.000000 0.000000 0.000000
vn -1.000000 0.000000 0.000000
vn -1.000000 0.000000 0.000000
vn -1.000000 0.000000 0.000000
vn -1.000000 0.000000 0.000000
vn -1.000000 0.000000 0.000000
vn -1.000000 0.000000 0.000000
vn -1.000000 0.000000 0.000000
vn -1.000000 0.000000 0.000000
vn -1.000000 0.000000 0.000000
vn -1.000000 0.000000 0.000000
vn -1.000000 0.000000 0.000000
vn 1.000000 0.000000 0.000000
vn 1.000000 0.000000 0.000000
vn 1.000000 0.000000 0.000000
vn 1.000000 0.000000 0.000000
vn 1.000000 0.000000 0.000000
vn 1.000000 0.000000 0.000000
vn 1.000000 0.000000 0.000000
vn 1.000000 0.000000 0.000000
vn -0.000000 0.000000 -1.000000
vn -0.000000 0.000000 -1.000000
vn -0.000000 0.000000 -1.000000
vn -0.000000 0.000000 -1.000000
vn -0.000000 0.000000 -1.000000
vn -0.000000 0.000000 -1.000000
vn -0.000000 0.000000 -1.000000
vn -0.000000 0.000000 -1.000000
vn -0.000000 0.000000 -1.000000
vn -0.000000 0.000000 -1.000000
f 370/1111/1111 371/1112/1112 373/1113/1113
f 373/1113/1113 371/1112/1112 372/1114/1114
f 375/1115/1115 373/1116/1116 374/1117/1117
f 374/1117/1117 373/1116/1116 372/1118/1118
f 376/1119/1119 377/1120/1120 379/1121/1121
f 379/1121/1121 377/1120/1120 378/1122/1122
f 370/1123/1123 379/1124/1124 371/1125/1125
f 371/1125/1125 379/1124/1124 378/1126/1126
f 371/1127/1127 378/1128/1128 372/1129/1129
f 372/1129/1129 378/1128/1128 385/1130/1130
f 372/1129/1129 385/1130/1130 386/1131/1131
f 377/1132/1132 380/1133/1133 378/1128/1128
f 378/1128/1128 380/1133/1133 385/1130/1130
f 385/1130/1130 380/1133/1133 384/1134/1134
f 384/1134/1134 380/1133/1133 381/1135/1135
f 384/1134/1134 381/1135/1135 382/1136/1136
f 382/1136/1136 383/1137/1137 384/1134/1134
f 386/1131/1131 374/1138/1138 372/1129/1129
f 387/1139/1139 381/1140/1140 388/1141/1141
f 388/1141/1141 381/1140/1140 380/1142/1142
f 377/1143/1143 376/1144/1144 380/1145/1145
f 380/1145/1145 376/1144/1144 388/1146/1146
f 389/1147/1147 390/1148/1148 391/1149/1149
f 391/1149/1149 390/1148/1148 382/1150/1150
f 381/1151/1151 387/1152/1152 382/1153/1153
f 382/1153/1153 387/1152/1152 391/1154/1154
f 392/1155/1155 393/1156/1156 395/1157/1157
f 395/1157/1157 393/1156/1156 394/1158/1158
f 392/1159/1159 395/1160/1160 417/1161/1161
f 417/1161/1161 395/1160/1160 398/1162/1162
f 417/1161/1161 398/1162/1162 415/1163/1163
f 415/1163/1163 398/1162/1162 413/1164/1164
f 415/1163/1163 413/1164/1164 414/1165/1165
f 396/1166/1166 397/1167/1167 395/1160/1160
f 395/1160/1160 397/1167/1167 398/1162/1162
f 399/1168/1168 401/1169/1169 398/1162/1162
f 398/1162/1162 401/1169/1169 403/1170/1170
f 398/1162/1162 403/1170/1170 405/1171/1171
f 405/1171/1171 403/1170/1170 404/1172/1172
f 399/1168/1168 400/1173/1173 401/1169/1169
f 401/1169/1169 402/1174/1174 403/1170/1170
f 406/1175/1175 407/1176/1176 405/1171/1171
f 405/1171/1171 407/1176/1176 398/1162/1162
f 408/1177/1177 409/1178/1178 407/1176/1176
f 407/1176/1176 409/1178/1178 398/1162/1162
f 410/1179/1179 411/1180/1180 409/1178/1178
f 409/1178/1178 411/1180/1180 398/1162/1162
f 412/1181/1181 413/1164/1164 411/1180/1180
f 411/1180/1180 413/1164/1164 398/1162/1162
f 415/1163/1163 416/1182/1182 417/1161/1161
f 389/1183/1183 396/1184/1184 390/1185/1185
f 390/1185/1185 396/1184/1184 395/1186/1186
f 390/1185/1185 395/1186/1186 394/1187/1187
f 416/1188/1188 418/1189/1189 417/1190/1190
f 417/1190/1190 418/1189/1189 419/1191/1191
f 393/1192/1192 392/1193/1193 419/1194/1194
f 419/1194/1194 392/1193/1193 417/1195/1195
f 414/1196/1196 420/1197/1197 415/1198/1198
f 415/1198/1198 420/1197/1197 421/1199/1199
f 418/1200/1200 416/1201/1201 421/1202/1202
f 421/1202/1202 416/1201/1201 415/1203/1203
f 412/1204/1204 422/1205/1205 413/1206/1206
f 413/1206/1206 422/1205/1205 423/1207/1207
f 420/1208/1208 414/1209/1209 423/1210/1210
f 423/1210/1210 414/1209/1209 413/1211/1211
f 410/1212/1212 424/1213/1213 411/1214/1214
f 411/1214/1214 424/1213/1213 425/1215/1215
f 424/1216/1216 426/1217/1217 425/1218/1218
f 425/1219/1219 426/1220/1220 411/1221/1221
f 411/1221/1221 426/1220/1220 412/1222/1222
f 412/1222/1222 426/1220/1220 422/1223/1223
f 408/1224/1224 427/1225/1225 409/1226/1226
f 409/1226/1226 427/1225/1225 428/1227/1227
f 427/1228/1228 429/1229/1229 428/1230/1230
f 428/1230/1230 429/1229/1229 424/1231/1216
f 424/1232/1231 410/1233/1232 428/1234/1233
f 428/1234/1233 410/1233/1232 409/1235/1234
f 431/1236/1235 385/1237/1236 430/1238/1237
f 430/1238/1237 385/1237/1236 384/1239/1238
f 430/1240/1239 433/1241/1240 431/1242/1241
f 431/1242/1241 433/1241/1240 435/1243/1242
f 431/1242/1241 435/1243/1242 437/1244/1243
f 437/1244/1243 435/1243/1242 436/1245/1244
f 430/1240/1239 432/1246/1245 433/1241/1240
f 433/1241/1240 434/1247/1246 435/1243/1242
f 438/1248/1247 439/1249/1248 437/1244/1243
f 437/1244/1243 439/1249/1248 440/1250/1249
f 437/1244/1243 440/1250/1249 431/1242/1241
f 441/1251/1250 426/1252/1251 443/1253/1252
f 443/1253/1252 426/1252/1251 442/1254/1253
f 442/1254/1253 426/1252/1251 424/1255/1254
f 430/1256/1255 443/1257/1256 432/1258/1257
f 432/1258/1257 443/1257/1256 442/1259/1258
f 432/1258/1257 442/1259/1258 444/1260/1259
f 442/1261/1260 424/1262/1213 444/1263/1261
f 444/1263/1261 424/1262/1213 429/1264/1262
f 443/1265/1263 430/1266/1264 441/1267/1265
f 441/1267/1265 430/1266/1264 383/1268/1266
f 383/1268/1266 430/1266/1264 384/1269/1267
f 431/1270/1268 440/1271/1269 385/1272/1270
f 385/1272/1270 440/1271/1269 386/1273/1271
f 406/1274/1272 445/1275/1273 407/1276/1274
f 407/1276/1274 445/1275/1273 446/1277/1275
f 445/1278/1276 434/1279/1277 446/1280/1278
f 446/1280/1278 434/1279/1277 433/1281/1279
f 432/1282/1280 444/1283/1281 433/1284/1282
f 433/1284/1282 444/1283/1281 446/1285/1283
f 446/1285/1283 444/1283/1281 427/1286/1284
f 446/1285/1283 427/1286/1284 407/1287/1285
f 407/1287/1285 427/1286/1284 408/1288/1286
f 444/1283/1281 429/1289/1287 427/1286/1284
f 404/1290/1288 447/1291/1289 405/1292/1290
f 405/1292/1290 447/1291/1289 448/1293/1291
f 447/1294/1292 436/1295/1293 448/1296/1294
f 448/1296/1294 436/1295/1293 435/1297/1295
f 434/1298/1296 445/1299/1297 435/1300/1298
f 435/1300/1298 445/1299/1297 448/1301/1299
f 448/1301/1299 445/1299/1297 405/1302/1300
f 405/1302/1300 445/1299/1297 406/1303/1301
f 402/1304/1302 449/1305/1303 403/1306/1304
f 403/1306/1304 449/1305/1303 450/1307/1305
f 449/1308/1306 438/1309/1307 450/1310/1308
f 450/1310/1308 438/1309/1307 437/1311/1309
f 436/1312/1310 447/1313/1311 437/1314/1312
f 437/1314/1312 447/1313/1311 450/1315/1313
f 450/1315/1313 447/1313/1311 403/1316/1314
f 403/1316/1314 447/1313/1311 404/1317/1315
f 400/1318/1316 451/1319/1317 401/1320/1318
f 401/1320/1318 451/1319/1317 452/1321/1319
f 402/1322/1320 401/1323/1321 449/1324/1322
f 449/1324/1322 401/1323/1321 452/1325/1323
f 449/1324/1322 452/1325/1323 439/1326/1324
f 439/1326/1324 438/1327/1325 449/1324/1322
f 453/1328/1326 454/1329/1327 456/1330/1328
f 456/1330/1328 454/1329/1327 455/1331/1329
f 457/1332/1330 453/1333/1331 458/1334/1332
f 458/1334/1332 453/1333/1331 456/1335/1333
f 459/1336/1334 457/1337/1335 375/1338/1336
f 375/1338/1336 457/1337/1335 458/1339/1337
f 375/1338/1336 458/1339/1337 373/1340/1338
f 373/1340/1338 458/1339/1337 397/1341/1339
f 373/1340/1338 397/1341/1339 379/1342/1340
f 379/1342/1340 397/1341/1339 388/1343/1341
f 379/1342/1340 388/1343/1341 376/1344/1342
f 388/1343/1341 397/1341/1339 391/1345/1343
f 391/1345/1343 397/1341/1339 396/1346/1344
f 391/1345/1343 396/1346/1344 389/1347/1345
f 391/1345/1343 387/1348/1346 388/1343/1341
f 379/1342/1340 370/1349/1347 373/1340/1338
f 460/1350/1348 399/1351/1349 461/1352/1350
f 461/1352/1350 399/1351/1349 398/1353/1351
f 462/1354/1352 460/1355/1353 463/1356/1354
f 463/1356/1354 460/1355/1353 461/1357/1355
f 464/1358/1356 462/1359/1357 465/1360/1358
f 465/1360/1358 462/1359/1357 463/1361/1359
f 454/1362/1360 464/1363/1361 455/1364/1362
f 455/1364/1362 464/1363/1361 465/1365/1363
f 456/1366/1364 455/1367/1365 397/1368/1366
f 397/1368/1366 455/1367/1365 465/1369/1367
f 397/1368/1366 465/1369/1367 398/1370/1368
f 398/1370/1368 465/1369/1367 461/1371/1369
f 461/1371/1369 465/1369/1367 463/1372/1370
f 397/1368/1366 458/1373/1371 456/1366/1364
f 393/1374/1372 419/1375/1373 394/1376/1374
f 394/1376/1374 419/1375/1373 441/1377/1375
f 394/1376/1374 441/1377/1375 383/1378/1376
f 418/1379/1377 421/1380/1378 419/1375/1373
f 419/1375/1373 421/1380/1378 441/1377/1375
f 420/1381/1379 423/1382/1380 421/1380/1378
f 421/1380/1378 423/1382/1380 441/1377/1375
f 422/1383/1381 426/1384/1382 423/1382/1380
f 423/1382/1380 426/1384/1382 441/1377/1375
f 383/1378/1376 382/1385/1383 394/1376/1374
f 394/1376/1374 382/1385/1383 390/1386/1384
f 452/1387/1385 451/1388/1386 439/1389/1387
f 439/1389/1387 451/1388/1386 459/1390/1388
f 439/1389/1387 459/1390/1388 375/1391/1389
f 375/1391/1389 374/1392/1390 439/1389/1387
f 439/1389/1387 374/1392/1390 440/1393/1391
f 440/1393/1391 374/1392/1390 386/1394/1392
f 451/1395/1393 400/1396/1394 459/1397/1395
f 459/1397/1395 400/1396/1394 454/1398/1396
f 459/1397/1395 454/1398/1396 453/1399/1397
f 454/1398/1396 400/1396/1394 464/1400/1398
f 464/1400/1398 400/1396/1394 399/1401/1399
f 464/1400/1398 399/1401/1399 460/1402/1400
f 460/1402/1400 462/1403/1401 464/1400/1398
f 453/1399/1397 457/1404/1402 459/1397/1395
g Cuerpo26

v 45.900001 14.800000 0.000000
v 43.500001 14.800000 0.000000
v 43.500001 14.800000 2.000000
v 45.900001 14.800000 2.000000
v 45.900001 14.600000 0.000000
v 45.900001 14.600000 2.000000
v 43.500001 14.600000 0.000000
v 43.500001 14.600000 2.000000
vt -0.000000 0.000000 0.000000
vt 2.400000 0.000000 0.000000
vt -0.000000 2.000000 0.000000
vt 2.400000 2.000000 0.000000
vt 0.000000 0.000000 0.000000
vt 0.200000 0.000000 0.000000
vt 0.000000 2.000000 0.000000
vt 0.200000 2.000000 0.000000
vt 0.000000 0.000000 0.000000
vt 2.400000 0.000000 0.000000
vt 0.000000 2.000000 0.000000
vt 2.400000 2.000000 0.000000
vt -0.000000 0.000000 0.000000
vt 0.200000 0.000000 0.000000
vt -0.000000 2.000000 0.000000
vt 0.200000 2.000000 0.000000
vt -1.200000 -0.100000 0.000000
vt 1.200000 -0.100000 0.000000
vt -1.200000 0.100000 0.000000
vt 1.200000 0.100000 0.000000
vt 1.200000 0.100000 0.000000
vt -1.200000 0.100000 0.000000
vt 1.200000 -0.100000 0.000000
vt -1.200000 -0.100000 0.000000
vn 0.000000 1.000000 0.000000
vn 0.000000 1.000000 0.000000
vn 0.000000 1.000000 0.000000
vn 0.000000 1.000000 0.000000
vn 1.000000 0.000000 -0.000000
vn 1.000000 0.000000 -0.000000
vn 1.000000 0.000000 -0.000000
vn 1.000000 0.000000 -0.000000
vn 0.000000 -1.000000 0.000000
vn 0.000000 -1.000000 0.000000
vn 0.000000 -1.000000 0.000000
vn 0.000000 -1.000000 0.000000
vn -1.000000 0.000000 0.000000
vn -1.000000 0.000000 0.000000
vn -1.000000 0.000000 0.000000
vn -1.000000 0.000000 0.000000
vn 0.000000 0.000000 1.000000
vn 0.000000 0.000000 1.000000
vn 0.000000 0.000000 1.000000
vn 0.000000 0.000000 1.000000
vn -0.000000 0.000000 -1.000000
vn -0.000000 0.000000 -1.000000
vn -0.000000 0.000000 -1.000000
vn -0.000000 0.000000 -1.000000
f 466/1405/1403 467/1406/1404 469/1407/1405
f 469/1407/1405 467/1406/1404 468/1408/1406
f 470/1409/1407 466/1410/1408 471/1411/1409
f 471/1411/1409 466/1410/1408 469/1412/1410
f 472/1413/1411 470/1414/1412 473/1415/1413
f 473/1415/1413 470/1414/1412 471/1416/1414
f 467/1417/1415 472/1418/1416 468/1419/1417
f 468/1419/1417 472/1418/1416 473/1420/1418
f 473/1421/1419 471/1422/1420 468/1423/1421
f 468/1423/1421 471/1422/1420 469/1424/1422
f 467/1425/1423 466/1426/1424 472/1427/1425
f 472/1427/1425 466/1426/1424 470/1428/1426
g Cuerpo27

v 44.500000 6.500000 0.000000
v 44.500000 6.300000 0.000000
v 44.500000 6.300000 2.000000
v 44.500000 6.500000 2.000000
v 45.900001 6.500000 0.000000
v 45.900001 6.500000 2.000000
v 45.900001 6.300000 0.000000
v 45.900001 6.300000 2.000000
vt 0.000000 0.000000 0.000000
vt 0.200000 0.000000 0.000000
vt 0.000000 2.000000 0.000000
vt 0.200000 2.000000 0.000000
vt 0.000000 0.000000 0.000000
vt 1.400001 0.000000 0.000000
vt 0.000000 2.000000 0.000000
vt 1.400001 2.000000 0.000000
vt 0.000000 0.000000 0.000000
vt 0.200000 0.000000 0.000000
vt 0.000000 2.000000 0.000000
vt 0.200000 2.000000 0.000000
vt 0.000000 0.000000 0.000000
vt 1.400001 0.000000 0.000000
vt 0.000000 2.000000 0.000000
vt 1.400001 2.000000 0.000000
vt -0.700000 -0.100000 0.000000
vt 0.700000 -0.100000 0.000000
vt -0.700000 0.100000 0.000000
vt 0.700000 0.100000 0.000000
vt -0.700000 -0.100000 0.000000
vt 0.700000 -0.100000 0.000000
vt -0.700000 0.100000 0.000000
vt 0.700000 0.100000 0.000000
vn -1.000000 0.000000 0.000000
vn -1.000000 0.000000 0.000000
vn -1.000000 0.000000 0.000000
vn -1.000000 0.000000 0.000000
vn 0.000000 1.000000 -0.000000
vn 0.000000 1.000000 -0.000000
vn 0.000000 1.000000 -0.000000
vn 0.000000 1.000000 -0.000000
vn 1.000000 0.000000 0.000000
vn 1.000000 0.000000 0.000000
vn 1.000000 0.000000 0.000000
vn 1.000000 0.000000 0.000000
vn 0.000000 -1.000000 0.000000
vn 0.000000 -1.000000 0.000000
vn 0.000000 -1.000000 0.000000
vn 0.000000 -1.000000 0.000000
vn 0.000000 0.000000 1.000000
vn 0.000000 0.000000 1.000000
vn 0.000000 0.000000 1.000000
vn 0.000000 0.000000 1.000000
vn -0.000000 0.000000 -1.000000
vn -0.000000 0.000000 -1.000000
vn -0.000000 0.000000 -1.000000
vn -0.000000 0.000000 -1.000000
f 474/1429/1427 475/1430/1428 477/1431/1429
f 477/1431/1429 475/1430/1428 476/1432/1430
f 478/1433/1431 474/1434/1432 479/1435/1433
f 479/1435/1433 474/1434/1432 477/1436/1434
f 480/1437/1435 478/1438/1436 481/1439/1437
f 481/1439/1437 478/1438/1436 479/1440/1438
f 475/1441/1439 480/1442/1440 476/1443/1441
f 476/1443/1441 480/1442/1440 481/1444/1442
f 476/1445/1443 481/1446/1444 477/1447/1445
f 477/1447/1445 481/1446/1444 479/1448/1446
f 480/1449/1447 475/1450/1448 478/1451/1449
f 478/1451/1449 475/1450/1448 474/1452/1450
g Cuerpo28

v 42.200001 4.500000 0.000000
v 38.700001 4.500000 0.000000
v 38.700001 4.500000 2.000000
v 42.200001 4.500000 2.000000
v 38.700000 0.700000 0.000000
v 38.700000 0.700000 2.000000
v 42.200001 0.700000 0.000000
v 42.200001 0.700000 2.000000
vt -2.000000 0.000000 0.000000
vt 1.500000 0.000000 0.000000
vt -2.000000 2.000000 0.000000
vt 1.500000 2.000000 0.000000
vt 0.000000 0.000000 0.000000
vt 3.800000 0.000000 0.000000
vt 0.000000 2.000000 0.000000
vt 3.800000 2.000000 0.000000
vt 0.000000 0.000000 0.000000
vt 3.500000 0.000000 0.000000
vt 0.000000 2.000000 0.000000
vt 3.500000 2.000000 0.000000
vt 0.000000 0.000000 0.000000
vt 3.800000 0.000000 0.000000
vt 0.000000 2.000000 0.000000
vt 3.800000 2.000000 0.000000
vt 0.099999 0.900000 0.000000
vt 0.099999 -2.900000 0.000000
vt 3.599999 0.900000 0.000000
vt 3.600000 -2.900000 0.000000
vt -0.099999 0.900000 0.000000
vt -3.599999 0.900000 0.000000
vt -0.099999 -2.900000 0.000000
vt -3.600000 -2.900000 0.000000
vn 0.000000 1.000000 -0.000000
vn 0.000000 1.000000 -0.000000
vn 0.000000 1.000000 -0.000000
vn 0.000000 1.000000 -0.000000
vn -1.000000 0.000000 0.000000
vn -1.000000 0.000000 0.000000
vn -1.000000 0.000000 0.000000
vn -1.000000 0.000000 0.000000
vn 0.000000 -1.000000 0.000000
vn 0.000000 -1.000000 0.000000
vn 0.000000 -1.000000 0.000000
vn 0.000000 -1.000000 0.000000
vn 1.000000 0.000000 -0.000000
vn 1.000000 0.000000 -0.000000
vn 1.000000 0.000000 -0.000000
vn 1.000000 0.000000 -0.000000
vn 0.000000 -0.000000 -1.000000
vn 0.000000 -0.000000 -1.000000
vn 0.000000 -0.000000 -1.000000
vn 0.000000 -0.000000 -1.000000
vn 0.000000 0.000000 1.000000
vn 0.000000 0.000000 1.000000
vn 0.000000 0.000000 1.000000
vn 0.000000 0.000000 1.000000
f 482/1453/1451 483/1454/1452 485/1455/1453
f 485/1455/1453 483/1454/1452 484/1456/1454
f 483/1457/1455 486/1458/1456 484/1459/1457
f 484/1459/1457 486/1458/1456 487/1460/1458
f 486/1461/1459 488/1462/1460 487/1463/1461
f 487/1463/1461 488/1462/1460 489/1464/1462
f 488/1465/1463 482/1466/1464 489/1467/1465
f 489/1467/1465 482/1466/1464 485/1468/1466
f 482/1469/1467 488/1470/1468 483/1471/1469
f 483/1471/1469 488/1470/1468 486/1472/1470
f 485/1473/1471 484/1474/1472 489/1475/1473
f 489/1475/1473 484/1474/1472 487/1476/1474
g Cuerpo29

v 40.200001 6.500000 0.000000
v 40.200001 4.500000 0.000000
v 40.200001 4.500000 2.000000
v 40.200001 6.500000 2.000000
v 41.000001 6.500000 0.000000
v 41.000001 6.500000 2.000000
v 41.000001 6.300000 0.000000
v 41.000001 6.300000 2.000000
v 40.400001 6.300000 0.000000
v 40.400001 6.300000 2.000000
v 40.400001 4.700000 0.000000
v 40.400001 4.700000 2.000000
v 42.300001 4.700000 0.000000
v 42.300001 4.700000 2.000000
v 42.300001 6.300000 0.000000
v 42.300001 6.300000 2.000000
v 41.700001 6.300000 0.000000
v 41.700001 6.300000 2.000000
v 41.700001 6.500000 0.000000
v 41.700001 6.500000 2.000000
v 42.500001 6.500000 0.000000
v 42.500001 6.500000 2.000000
v 42.500001 4.500000 0.000000
v 42.500001 4.500000 2.000000
vt 0.000000 0.000000 0.000000
vt 2.000000 0.000000 0.000000
vt 0.000000 2.000000 0.000000
vt 2.000000 2.000000 0.000000
vt 0.000000 0.000000 0.000000
vt 0.800000 0.000000 0.000000
vt 0.000000 2.000000 0.000000
vt 0.800000 2.000000 0.000000
vt 0.000000 0.000000 0.000000
vt 0.200000 0.000000 0.000000
vt 0.000000 2.000000 0.000000
vt 0.200000 2.000000 0.000000
vt 0.000000 0.000000 0.000000
vt 0.600000 0.000000 0.000000
vt 0.000000 2.000000 0.000000
vt 0.600000 2.000000 0.000000
vt 0.000000 0.000000 0.000000
vt 1.600000 0.000000 0.000000
vt 0.000000 2.000000 0.000000
vt 1.600000 2.000000 0.000000
vt 0.000000 0.000000 0.000000
vt 1.900000 0.000000 0.000000
vt 0.000000 2.000000 0.000000
vt 1.900000 2.000000 0.000000
vt 0.000000 0.000000 0.000000
vt 1.600000 0.000000 0.000000
vt 0.000000 2.000000 0.000000
vt 1.600000 2.000000 0.000000
vt 0.000000 0.000000 0.000000
vt 0.600000 0.000000 0.000000
vt 0.000000 2.000000 0.000000
vt 0.600000 2.000000 0.000000
vt 0.000000 0.000000 0.000000
vt 0.200000 0.000000 0.000000
vt 0.000000 2.000000 0.000000
vt 0.200000 2.000000 0.000000
vt 0.000000 0.000000 0.000000
vt 0.800000 0.000000 0.000000
vt 0.000000 2.000000 0.000000
vt 0.800000 2.000000 0.000000
vt 0.000000 0.000000 0.000000
vt 2.000000 0.000000 0.000000
vt 0.000000 2.000000 0.000000
vt 2.000000 2.000000 0.000000
vt 0.000000 0.000000 0.000000
vt 2.300000 0.000000 0.000000
vt 0.000000 2.000000 0.000000
vt 2.300000 2.000000 0.000000
vt 1.150000 -1.000000 0.000000
vt -0.950000 -0.800000 0.000000
vt -1.150000 -1.000000 0.000000
vt -0.950000 0.800000 0.000000
vt -1.150000 1.000000 0.000000
vt -0.350000 1.000000 0.000000
vt -0.350000 0.800000 0.000000
vt 1.150000 1.000000 0.000000
vt 0.950000 0.800000 0.000000
vt 0.950000 -0.800000 0.000000
vt 0.350000 1.000000 0.000000
vt 0.350000 0.800000 0.000000
vt 1.150000 -1.000000 0.000000
vt -0.950000 -0.800000 0.000000
vt -1.150000 -1.000000 0.000000
vt -0.950000 0.800000 0.000000
vt -1.150000 1.000000 0.000000
vt -0.350000 1.000000 0.000000
vt -0.350000 0.800000 0.000000
vt 1.150000 1.000000 0.000000
vt 0.950000 0.800000 0.000000
vt 0.950000 -0.800000 0.000000
vt 0.350000 1.000000 0.000000
vt 0.350000 0.800000 0.000000
vn -1.000000 0.000000 0.000000
vn -1.000000 0.000000 0.000000
vn -1.000000 0.000000 0.000000
vn -1.000000 0.000000 0.000000
vn 0.000000 1.000000 -0.000000
vn 0.000000 1.000000 -0.000000
vn 0.000000 1.000000 -0.000000
vn 0.000000 1.000000 -0.000000
vn 1.000000 0.000000 0.000000
vn 1.000000 0.000000 0.000000
vn 1.000000 0.000000 0.000000
vn 1.000000 0.000000 0.000000
vn 0.000000 -1.000000 0.000000
vn 0.000000 -1.000000 0.000000
vn 0.000000 -1.000000 0.000000
vn 0.000000 -1.000000 0.000000
vn 1.000000 0.000000 0.000000
vn 1.000000 0.000000 0.000000
vn 1.000000 0.000000 0.000000
vn 1.000000 0.000000 0.000000
vn 0.000000 1.000000 -0.000000
vn 0.000000 1.000000 -0.000000
vn 0.000000 1.000000 -0.000000
vn 0.000000 1.000000 -0.000000
vn -1.000000 0.000000 0.000000
vn -1.000000 0.000000 0.000000
vn -1.000000 0.000000 0.000000
vn -1.000000 0.000000 0.000000
vn 0.000000 -1.000000 0.000000
vn 0.000000 -1.000000 0.000000
vn 0.000000 -1.000000 0.000000
vn 0.000000 -1.000000 0.000000
vn -1.000000 0.000000 0.000000
vn -1.000000 0.000000 0.000000
vn -1.000000 0.000000 0.000000
vn -1.000000 0.000000 0.000000
vn 0.000000 1.000000 -0.000000
vn 0.000000 1.000000 -0.000000
vn 0.000000 1.000000 -0.000000
vn 0.000000 1.000000 -0.000000
vn 1.000000 0.000000 0.000000
vn 1.000000 0.000000 0.000000
vn 1.000000 0.000000 0.000000
vn 1.000000 0.000000 0.000000
vn 0.000000 -1.000000 0.000000
vn 0.000000 -1.000000 0.000000
vn 0.000000 -1.000000 0.000000
vn 0.000000 -1.000000 0.000000
vn 0.000000 0.000000 1.000000
vn 0.000000 0.000000 1.000000
vn 0.000000 0.000000 1.000000
vn 0.000000 0.000000 1.000000
vn 0.000000 0.000000 1.000000
vn 0.000000 0.000000 1.000000
vn 0.000000 0.000000 1.000000
vn 0.000000 0.000000 1.000000
vn 0.000000 0.000000 1.000000
vn 0.000000 0.000000 1.000000
vn 0.000000 0.000000 1.000000
vn 0.000000 0.000000 1.000000
vn -0.000000 -0.000000 -1.000000
vn -0.000000 -0.000000 -1.000000
vn -0.000000 -0.000000 -1.000000
vn -0.000000 -0.000000 -1.000000
vn -0.000000 -0.000000 -1.000000
vn -0.000000 -0.000000 -1.000000
vn -0.000000 -0.000000 -1.000000
vn -0.000000 -0.000000 -1.000000
vn -0.000000 -0.000000 -1.000000
vn -0.000000 -0.000000 -1.000000
vn -0.000000 -0.000000 -1.000000
vn -0.000000 -0.000000 -1.000000
f 490/1477/1475 491/1478/1476 493/1479/1477
f 493/1479/1477 491/1478/1476 492/1480/1478
f 494/1481/1479 490/1482/1480 495/1483/1481
f 495/1483/1481 490/1482/1480 493/1484/1482
f 496/1485/1483 494/1486/1484 497/1487/1485
f 497/1487/1485 494/1486/1484 495/1488/1486
f 498/1489/1487 496/1490/1488 499/1491/1489
f 499/1491/1489 496/1490/1488 497/1492/1490
f 500/1493/1491 498/1494/1492 501/1495/1493
f 501/1495/1493 498/1494/1492 499/1496/1494
f 502/1497/1495 500/1498/1496 503/1499/1497
f 503/1499/1497 500/1498/1496 501/1500/1498
f 504/1501/1499 502/1502/1500 505/1503/1501
f 505/1503/1501 502/1502/1500 503/1504/1502
f 506/1505/1503 504/1506/1504 507/1507/1505
f 507/1507/1505 504/1506/1504 505/1508/1506
f 508/1509/1507 506/1510/1508 509/1511/1509
f 509/1511/1509 506/1510/1508 507/1512/1510
f 510/1513/1511 508/1514/1512 511/1515/1513
f 511/1515/1513 508/1514/1512 509/1516/1514
f 512/1517/1515 510/1518/1516 513/1519/1517
f 513/1519/1517 510/1518/1516 511/1520/1518
f 491/1521/1519 512/1522/1520 492/1523/1521
f 492/1523/1521 512/1522/1520 513/1524/1522
f 513/1525/1523 501/1526/1524 492/1527/1525
f 492/1527/1525 501/1526/1524 499/1528/1526
f 492/1527/1525 499/1528/1526 493/1529/1527
f 493/1529/1527 499/1528/1526 495/1530/1528
f 495/1530/1528 499/1528/1526 497/1531/1529
f 511/1532/1530 505/1533/1531 513/1525/1523
f 513/1525/1523 505/1533/1531 503/1534/1532
f 513/1525/1523 503/1534/1532 501/1526/1524
f 511/1532/1530 509/1535/1533 505/1533/1531
f 505/1533/1531 509/1535/1533 507/1536/1534
f 491/1537/1535 502/1538/1536 512/1539/1537
f 512/1539/1537 502/1538/1536 504/1540/1538
f 512/1539/1537 504/1540/1538 510/1541/1539
f 510/1541/1539 504/1540/1538 508/1542/1540
f 508/1542/1540 504/1540/1538 506/1543/1541
f 490/1544/1542 498/1545/1543 491/1537/1535
f 491/1537/1535 498/1545/1543 500/1546/1544
f 491/1537/1535 500/1546/1544 502/1538/1536
f 490/1544/1542 494/1547/1545 498/1545/1543
f 498/1545/1543 494/1547/1545 496/1548/1546
# 513 vertices
# 1548 texture params
# 1546 normals
# 918 facets

# 27 groups
